GEO_id,GEO_id2,GEO_displaylabel,NAICS_id,NAICS_display-label,YEAR_id,RCPTOTI,ESTAB,ECTGE20,EMP,PAYANN,EMPAVPW,HOURS,PAYANPW,CSTMTOT,RCPTOT,VALADD,CEXTOT
0400000US36,36,New York,31-33,Manufacturing,2012,2,16475,3908,426621,22073336,285846,554574,11653376,73355413,148879931,75702273,9650920
0500000US36001,36001,"Albany County, New York",31-33,Manufacturing,2012,2,231,71,7327,423530,4773,9578,224967,1989592,3547362,1576582,D
0500000US36003,36003,"Allegany County, New York",31-33,Manufacturing,2012,2,46,13,2433,108791,1703,2998,62062,597850,841770,247623,D
0500000US36005,36005,"Bronx County, New York",31-33,Manufacturing,2012,5,323,72,6197,251477,4414,8133,154581,763247,1477909,715706,26411
0500000US36007,36007,"Broome County, New York",31-33,Manufacturing,2012,1,173,67,7718,403146,4796,9876,180853,1012265,2200835,1192062,70233
0500000US36009,36009,"Cattaraugus County, New York",31-33,Manufacturing,2012,8,74,27,4669,286051,3425,6786,143193,720943,1558645,794067,35132
0500000US36011,36011,"Cayuga County, New York",31-33,Manufacturing,2012,5,88,23,3143,155125,2144,4237,92685,655096,1065669,416296,60671
0500000US36013,36013,"Chautauqua County, New York",31-33,Manufacturing,2012,0,197,72,9474,428628,7018,13894,275178,3011786,5107494,2092575,86584
0500000US36015,36015,"Chemung County, New York",31-33,Manufacturing,2012,1,85,38,5495,278802,3885,7530,171858,532623,1246970,691681,49926
0500000US36017,36017,"Chenango County, New York",31-33,Manufacturing,2012,1,74,24,3443,165319,2123,4082,88326,876794,1661388,779061,130543
0500000US36019,36019,"Clinton County, New York",31-33,Manufacturing,2012,3,78,27,3161,138527,2444,4535,95074,422757,1279423,855509,18845
0500000US36021,36021,"Columbia County, New York",31-33,Manufacturing,2012,1,73,17,1290,53676,952,1934,30840,231128,462642,232627,8028
0500000US36023,36023,"Cortland County, New York",31-33,Manufacturing,2012,1,66,29,3163,146455,2119,3802,80862,299345,711373,412126,24064
0500000US36025,36025,"Delaware County, New York",31-33,Manufacturing,2012,3,36,19,3593,195675,2478,5443,119456,604311,1557247,957830,34742
0500000US36027,36027,"Dutchess County, New York",31-33,Manufacturing,2012,0,198,43,8544,668241,3448,7442,161229,1179974,2481946,1249060,D
0500000US36029,36029,"Erie County, New York",31-33,Manufacturing,2012,2,1008,338,42606,2250189,28354,54804,1275395,7237396,15835448,8566330,558784
0500000US36031,36031,"Essex County, New York",31-33,Manufacturing,2012,0,28,3,782,56563,619,1319,45133,D,213119,D,D
0500000US36033,36033,"Franklin County, New York",31-33,Manufacturing,2012,5,28,5,460,19858,369,650,13131,107240,250230,144009,5905
0500000US36035,36035,"Fulton County, New York",31-33,Manufacturing,2012,0,71,19,1724,66253,1258,2539,39738,373130,712203,338210,95883
0500000US36037,36037,"Genesee County, New York",31-33,Manufacturing,2012,1,95,26,2632,125802,1782,3320,68127,647827,982987,337541,24775
0500000US36039,36039,"Greene County, New York",31-33,Manufacturing,2012,0,29,5,735,D,529,1126,D,107553,339770,230267,D
0500000US36041,36041,"Hamilton County, New York",31-33,Manufacturing,2012,9,3,0,8,D,4,7,D,D,D,D,D
0500000US36043,36043,"Herkimer County, New York",31-33,Manufacturing,2012,7,60,19,2561,119415,2147,4314,85986,270863,666152,408823,29677
0500000US36045,36045,"Jefferson County, New York",31-33,Manufacturing,2012,0,66,20,2247,102552,1462,2772,50600,355667,770537,411687,22079
0500000US36047,36047,"Kings County, New York",31-33,Manufacturing,2012,4,1756,200,18296,730979,13400,24132,417003,1944894,3644086,1700095,88471
0500000US36049,36049,"Lewis County, New York",31-33,Manufacturing,2012,1,25,13,1371,58076,1072,2023,40311,390531,532658,146931,17873
0500000US36051,36051,"Livingston County, New York",31-33,Manufacturing,2012,1,55,24,2106,91103,1713,3547,61997,438096,635936,201637,12841
0500000US36053,36053,"Madison County, New York",31-33,Manufacturing,2012,2,58,17,2407,109173,1858,3694,68663,528199,885470,357683,12677
0500000US36055,36055,"Monroe County, New York",31-33,Manufacturing,2012,1,887,310,38958,2315477,23966,47068,1103115,7107307,14610337,7531723,396618
0500000US36057,36057,"Montgomery County, New York",31-33,Manufacturing,2012,2,74,27,3578,134270,2511,5003,84070,476865,839048,361114,19286
0500000US36059,36059,"Nassau County, New York",31-33,Manufacturing,2012,2,1043,183,16580,893692,10730,20432,456313,2055006,5196698,3155315,D
0500000US36061,36061,"New York County, New York",31-33,Manufacturing,2012,3,2063,260,21220,899083,13685,23968,449561,2353347,4970920,2586769,90315
0500000US36063,36063,"Niagara County, New York",31-33,Manufacturing,2012,0,273,88,7987,463054,5648,11959,297820,1651018,3134915,1487734,133015
0500000US36065,36065,"Oneida County, New York",31-33,Manufacturing,2012,1,236,79,9807,461991,6232,12002,233300,2197908,3481298,1311440,102999
0500000US36067,36067,"Onondaga County, New York",31-33,Manufacturing,2012,1,436,169,18565,1034645,11487,22235,465904,3549372,7575967,4123609,214848
0500000US36069,36069,"Ontario County, New York",31-33,Manufacturing,2012,4,167,68,6718,332358,4815,9876,189078,1283097,2670997,1412806,58060
0500000US36071,36071,"Orange County, New York",31-33,Manufacturing,2012,3,318,84,7105,336941,4897,9484,193772,1376651,2592425,1235819,77561
0500000US36073,36073,"Orleans County, New York",31-33,Manufacturing,2012,1,36,16,2026,96452,1582,3300,51159,517099,764560,246249,16510
0500000US36075,36075,"Oswego County, New York",31-33,Manufacturing,2012,0,85,21,2669,139583,1992,4108,89610,2017044,2131142,107574,166012
0500000US36077,36077,"Otsego County, New York",31-33,Manufacturing,2012,1,58,10,877,37708,618,1246,20655,66095,203757,138558,11960
0500000US36079,36079,"Putnam County, New York",31-33,Manufacturing,2012,2,87,16,1478,74260,1051,2121,44122,117960,308619,185847,D
0500000US36081,36081,"Queens County, New York",31-33,Manufacturing,2012,3,1294,246,22240,972468,15743,29049,572983,2142160,4438082,2305557,95842
0500000US36083,36083,"Rensselaer County, New York",31-33,Manufacturing,2012,2,95,29,3383,176189,2385,4354,99774,405558,D,394370,D
0500000US36085,36085,"Richmond County, New York",31-33,Manufacturing,2012,1,136,10,999,44813,723,1307,33675,127749,285325,157631,11073
0500000US36087,36087,"Rockland County, New York",31-33,Manufacturing,2012,7,251,56,8416,601255,5092,10036,271966,3346910,9613228,6286662,110913
0500000US36089,36089,"St. Lawrence County, New York",31-33,Manufacturing,2012,2,77,19,2639,149616,2049,4383,95226,1295774,1302898,5922,39477
0500000US36091,36091,"Saratoga County, New York",31-33,Manufacturing,2012,4,138,43,5259,331558,3933,7449,221414,1016966,1977414,953176,D
0500000US36093,36093,"Schenectady County, New York",31-33,Manufacturing,2012,6,110,39,4490,282988,3088,5746,179830,899460,1709342,832553,D
0500000US36095,36095,"Schoharie County, New York",31-33,Manufacturing,2012,5,21,4,239,9495,183,346,5910,18041,D,18631,D
0500000US36097,36097,"Schuyler County, New York",31-33,Manufacturing,2012,2,35,6,574,30366,413,837,21817,84050,D,123919,12740
0500000US36099,36099,"Seneca County, New York",31-33,Manufacturing,2012,0,40,11,1318,68812,826,1615,36492,334693,674190,347018,13947
0500000US36101,36101,"Steuben County, New York",31-33,Manufacturing,2012,4,77,25,4314,212940,3243,6853,143314,719460,1236991,517578,92041
0500000US36103,36103,"Suffolk County, New York",31-33,Manufacturing,2012,3,2067,530,51967,2800458,33661,65662,1282282,6738602,15887385,9169231,428752
0500000US36105,36105,"Sullivan County, New York",31-33,Manufacturing,2012,3,51,9,1224,40980,1077,1991,31180,239302,354034,115632,18512
0500000US36107,36107,"Tioga County, New York",31-33,Manufacturing,2012,1,44,7,1228,48574,917,1602,28982,262455,438230,178986,10751
0500000US36109,36109,"Tompkins County, New York",31-33,Manufacturing,2012,1,93,19,2766,150424,1935,3979,83408,386943,861091,464191,24426
0500000US36111,36111,"Ulster County, New York",31-33,Manufacturing,2012,3,170,44,3518,170233,2353,4595,90454,481724,D,494915,29157
0500000US36113,36113,"Warren County, New York",31-33,Manufacturing,2012,3,76,18,3767,206413,2320,4720,88564,505888,928859,423452,21976
0500000US36115,36115,"Washington County, New York",31-33,Manufacturing,2012,0,87,31,2942,152296,2188,4657,97660,466309,1206239,749621,29855
0500000US36117,36117,"Wayne County, New York",31-33,Manufacturing,2012,3,137,46,5702,241833,4197,8945,144163,894414,1656757,763256,39389
0500000US36119,36119,"Westchester County, New York",31-33,Manufacturing,2012,2,601,125,11776,584915,8166,15592,313833,2372863,4492932,2126592,81386
0500000US36121,36121,"Wyoming County, New York",31-33,Manufacturing,2012,0,44,17,1878,76324,1309,2551,42748,254309,473744,225464,14701
0500000US36123,36123,"Yates County, New York",31-33,Manufacturing,2012,0,44,12,836,33338,549,986,20372,94962,188491,88050,2249
E600000US3600028640,3600028640,"Geneva city, New York",31-33,Manufacturing,2012,6,16,3,765,36050,581,1172,23168,143181,396417,253984,D
E600000US3600051000,3600051000,"New York city, New York",31-33,Manufacturing,2012,4,5572,788,68953,2898820,47966,86589,1627803,7331397,14816322,7465758,312112
E600000US3600065233,3600065233,"Saranac Lake village, New York",31-33,Manufacturing,2012,9,3,0,b,D,D,D,D,1718,6118,D,D
E600000US3600101000,3600101000,"Albany city, New York",31-33,Manufacturing,2012,1,63,21,1500,67471,939,1854,35362,417203,684840,275722,D
E600000US3600106354,3600106354,"Bethlehem town, New York",31-33,Manufacturing,2012,5,17,3,903,59943,691,1458,41717,D,D,D,D
E600000US3600116694,3600116694,"Coeymans town (balance), New York",31-33,Manufacturing,2012,0,3,1,37,975,21,37,D,733,D,D,D
E600000US3600116749,3600116749,"Cohoes city, New York",31-33,Manufacturing,2012,1,14,4,442,42728,251,523,12370,64518,D,69316,D
E600000US3600117332,3600117332,"Colonie village, New York",31-33,Manufacturing,2012,8,10,1,89,2789,48,87,1318,4960,12842,7877,D
E600000US3600117343,3600117343,"Colonie town (balance), New York",31-33,Manufacturing,2012,1,60,18,2162,115932,1251,2603,50304,382256,791827,404491,D
E600000US3600130521,3600130521,"Green Island village, New York",31-33,Manufacturing,2012,0,13,9,670,33494,490,961,20902,95206,253581,159841,D
E600000US3600131104,3600131104,"Guilderland town, New York",31-33,Manufacturing,2012,1,19,5,271,10034,209,357,7072,36582,73279,34396,D
E600000US3600146536,3600146536,"Menands village, New York",31-33,Manufacturing,2012,6,3,1,36,D,D,D,D,D,D,D,D
E600000US3600150672,3600150672,"New Scotland town (balance), New York",31-33,Manufacturing,2012,0,4,3,326,D,270,520,D,D,D,D,D
E600000US3600161181,3600161181,"Rensselaerville town, New York",31-33,Manufacturing,2012,6,3,0,15,591,12,D,433,D,3949,D,D
E600000US3600178674,3600178674,"Watervliet city, New York",31-33,Manufacturing,2012,0,12,2,258,15273,179,320,9037,41696,99805,58550,D
E600000US3600179851,3600179851,"Westerlo town, New York",31-33,Manufacturing,2012,0,4,1,c,D,D,D,D,D,D,D,D
E600000US3600301198,3600301198,"Alfred village, New York",31-33,Manufacturing,2012,1,3,0,b,1083,D,D,D,D,D,D,D
E600000US3600319367,3600319367,"Cuba town, New York",31-33,Manufacturing,2012,0,5,2,242,9707,D,D,D,D,D,D,D
E600000US3600379092,3600379092,"Wellsville village, New York",31-33,Manufacturing,2012,5,10,5,1455,70684,945,1560,37351,231372,D,116098,D
E600000US3600379103,3600379103,"Wellsville town (balance), New York",31-33,Manufacturing,2012,9,3,2,132,6437,84,170,3120,D,D,15622,D
E600000US3600398003,3600398003,"Balance of Allegany County, New York",31-33,Manufacturing,2012,0,24,4,576,20880,471,863,15204,D,207719,D,10224
E600000US3600706607,3600706607,"Binghamton city, New York",31-33,Manufacturing,2012,0,49,14,1261,55494,875,1826,30135,176722,603410,426002,D
E600000US3600715110,3600715110,"Chenango town, New York",31-33,Manufacturing,2012,3,8,4,168,4970,133,231,2951,12293,D,12502,D
E600000US3600717046,3600717046,"Colesville town, New York",31-33,Manufacturing,2012,6,3,0,27,976,D,38,562,1321,5105,3770,D
E600000US3600717772,3600717772,"Conklin town, New York",31-33,Manufacturing,2012,0,13,9,715,49779,455,858,29423,142657,280447,134320,D
E600000US3600724515,3600724515,"Endicott village, New York",31-33,Manufacturing,2012,9,12,4,1286,55661,871,1753,D,D,D,132735,D
E600000US3600725604,3600725604,"Fenton town, New York",31-33,Manufacturing,2012,0,5,1,c,D,D,D,D,D,D,D,D
E600000US3600738748,3600738748,"Johnson City village, New York",31-33,Manufacturing,2012,1,8,3,111,6442,74,154,2376,19569,D,13732,D
E600000US3600739837,3600739837,"Kirkwood town, New York",31-33,Manufacturing,2012,0,14,6,908,29346,768,1621,24268,103851,167961,68088,D
E600000US3600744611,3600744611,"Maine town, New York",31-33,Manufacturing,2012,0,3,1,56,1959,40,92,1117,3956,D,425,D
E600000US3600775319,3600775319,"Triangle town, New York",31-33,Manufacturing,2012,9,3,1,39,D,D,D,D,D,D,D,D
E600000US3600776056,3600776056,"Union town (balance), New York",31-33,Manufacturing,2012,0,28,12,2169,154648,884,1783,36721,308827,593035,291625,D
E600000US3600777255,3600777255,"Vestal town, New York",31-33,Manufacturing,2012,0,13,5,507,24718,333,763,13139,74537,D,61718,D
E600000US3600798007,3600798007,"Balance of Broome County, New York",31-33,Manufacturing,2012,1,5,3,103,2920,79,D,1867,7887,D,6224,D
E600000US3600901297,3600901297,"Allegany town, New York",31-33,Manufacturing,2012,2,5,2,111,3448,82,158,2349,7164,14228,7246,D
E600000US3600927342,3600927342,"Franklinville town, New York",31-33,Manufacturing,2012,0,3,2,b,D,D,D,D,D,D,D,D
E600000US3600954716,3600954716,"Olean city, New York",31-33,Manufacturing,2012,9,15,8,3230,228967,2331,4816,109250,593601,D,593197,27475
E600000US3600959509,3600959509,"Portville town, New York",31-33,Manufacturing,2012,1,6,2,120,7686,88,177,4060,6496,D,14112,D
E600000US3600960587,3600960587,"Randolph town, New York",31-33,Manufacturing,2012,6,5,2,95,3068,66,109,1702,5099,D,5896,97
E600000US3600964749,3600964749,"Salamanca city, New York",31-33,Manufacturing,2012,6,10,2,174,6765,142,249,3974,20749,D,21452,688
E600000US3600984055,3600984055,"Yorkshire town, New York",31-33,Manufacturing,2012,5,3,0,13,431,13,D,431,D,D,D,D
E600000US3600998009,3600998009,"Balance of Cattaraugus County, New York",31-33,Manufacturing,2012,3,25,8,748,30105,586,1038,18815,70375,D,137517,D
E600000US3601103078,3601103078,"Auburn city, New York",31-33,Manufacturing,2012,5,49,15,2185,115084,1457,2861,65922,561286,857965,304925,D
E600000US3601103166,3601103166,"Aurelius town, New York",31-33,Manufacturing,2012,1,3,0,27,D,D,33,D,D,2874,D,196
E600000US3601110297,3601110297,"Brutus town, New York",31-33,Manufacturing,2012,1,5,2,116,5617,75,160,3276,11214,D,18960,D
E600000US3601148307,3601148307,"Moravia town, New York",31-33,Manufacturing,2012,9,8,1,128,4245,109,D,3451,14237,D,12753,D
E600000US3601155871,3601155871,"Owasco town, New York",31-33,Manufacturing,2012,9,3,0,a,D,D,D,D,D,D,D,D
E600000US3601166443,3601166443,"Sennett town, New York",31-33,Manufacturing,2012,0,4,2,e,D,D,D,D,D,D,D,D
E600000US3601198011,3601198011,"Balance of Cayuga County, New York",31-33,Manufacturing,2012,9,16,3,314,10492,175,341,5247,D,D,26441,D
E600000US3601311451,3601311451,"Busti town (balance), New York",31-33,Manufacturing,2012,0,7,3,g,D,D,D,D,D,D,D,D
E600000US3601312639,3601312639,"Carroll town, New York",31-33,Manufacturing,2012,1,4,1,26,830,13,26,234,D,D,D,D
E600000US3601314069,3601314069,"Chautauqua town, New York",31-33,Manufacturing,2012,1,5,1,117,D,D,D,D,D,D,D,D
E600000US3601321105,3601321105,"Dunkirk city, New York",31-33,Manufacturing,2012,2,18,9,1545,56154,1144,2459,35850,449412,628947,176074,9940
E600000US3601323998,3601323998,"Ellicott town, New York",31-33,Manufacturing,2012,0,38,19,2869,140663,1952,3763,80194,258503,616422,360821,18046
E600000US3601327419,3601327419,"Fredonia village, New York",31-33,Manufacturing,2012,0,6,2,e,18261,348,D,D,D,D,D,D
E600000US3601338264,3601338264,"Jamestown city, New York",31-33,Manufacturing,2012,3,62,19,1733,68372,1278,2468,39517,117620,251310,130931,5851
E600000US3601341069,3601341069,"Lakewood village, New York",31-33,Manufacturing,2012,0,5,2,166,D,D,D,D,D,D,D,D
E600000US3601359421,3601359421,"Portland town, New York",31-33,Manufacturing,2012,2,4,1,62,2680,45,74,1460,D,D,D,D
E600000US3601366916,3601366916,"Sheridan town, New York",31-33,Manufacturing,2012,0,6,1,93,4292,70,141,D,D,D,D,247
E600000US3601367411,3601367411,"Silver Creek village, New York",31-33,Manufacturing,2012,0,5,3,461,15707,D,736,D,D,79701,D,D
E600000US3601379939,3601379939,"Westfield village, New York",31-33,Manufacturing,2012,1,8,5,269,15392,192,384,10115,101221,D,46547,2622
E600000US3601398013,3601398013,"Balance of Chautauqua County, New York",31-33,Manufacturing,2012,0,25,4,538,29684,387,738,20326,D,D,272548,21685
E600000US3601506475,3601506475,"Big Flats town, New York",31-33,Manufacturing,2012,3,14,6,1190,59127,808,1546,34925,62809,D,131966,D
E600000US3601524229,3601524229,"Elmira city, New York",31-33,Manufacturing,2012,0,29,12,1823,86918,1331,2598,53923,165848,385576,218024,13839
E600000US3601524240,3601524240,"Elmira town (balance), New York",31-33,Manufacturing,2012,0,4,4,495,26670,407,767,20827,47743,D,78889,D
E600000US3601524251,3601524251,"Elmira Heights village, New York",31-33,Manufacturing,2012,0,5,3,560,31363,270,659,12815,42505,D,87576,4897
E600000US3601535694,3601535694,"Horseheads village, New York",31-33,Manufacturing,2012,0,10,4,772,42569,573,1096,27990,96413,204016,110722,D
E600000US3601535705,3601535705,"Horseheads town (balance), New York",31-33,Manufacturing,2012,2,9,4,197,8824,153,249,4987,12126,28836,17025,D
E600000US3601569617,3601569617,"Southport town, New York",31-33,Manufacturing,2012,0,6,3,142,5483,118,252,3099,D,D,D,363
E600000US3601598015,3601598015,"Balance of Chemung County, New York",31-33,Manufacturing,2012,0,3,1,b,D,D,36,D,D,D,4767,289
E600000US3601700353,3601700353,"Afton town, New York",31-33,Manufacturing,2012,4,3,2,b,D,D,D,D,D,D,D,D
E600000US3601704044,3601704044,"Bainbridge town, New York",31-33,Manufacturing,2012,3,6,2,78,3690,63,D,2674,1595,9099,7436,D
E600000US3601730422,3601730422,"Greene town, New York",31-33,Manufacturing,2012,0,11,2,925,33791,564,1017,D,D,D,D,8414
E600000US3601749957,3601749957,"New Berlin town, New York",31-33,Manufacturing,2012,0,3,1,c,D,D,D,D,D,D,D,D
E600000US3601753979,3601753979,"Norwich city, New York",31-33,Manufacturing,2012,3,9,2,202,9086,112,D,4089,9379,D,19476,D
E600000US3601753990,3601753990,"Norwich town, New York",31-33,Manufacturing,2012,1,9,6,1557,90573,941,1847,36141,531661,D,550466,115285
E600000US3601755959,3601755959,"Oxford town, New York",31-33,Manufacturing,2012,2,7,0,42,1683,25,45,822,1873,4614,2726,D
E600000US3601766894,3601766894,"Sherburne town, New York",31-33,Manufacturing,2012,6,13,6,244,9825,170,318,5656,40230,68886,29048,D
E600000US3601798017,3601798017,"Balance of Chenango County, New York",31-33,Manufacturing,2012,3,13,3,165,5759,130,257,3415,16277,33181,16957,D
E600000US3601905485,3601905485,"Beekmantown town, New York",31-33,Manufacturing,2012,5,3,0,31,D,26,D,D,D,D,D,D
E600000US3601913750,3601913750,"Champlain town, New York",31-33,Manufacturing,2012,9,15,4,554,32373,359,633,23972,D,D,D,D
E600000US3601958574,3601958574,"Plattsburgh city, New York",31-33,Manufacturing,2012,1,27,14,1555,61088,1308,2466,45762,176006,423505,241168,D
E600000US3601958585,3601958585,"Plattsburgh town, New York",31-33,Manufacturing,2012,0,23,9,996,43218,733,1356,23963,218571,D,175951,5293
E600000US3602114014,3602114014,"Chatham town, New York",31-33,Manufacturing,2012,0,8,1,113,5598,91,D,3303,D,D,D,D
E600000US3602116045,3602116045,"Claverack town, New York",31-33,Manufacturing,2012,0,5,2,130,4564,D,D,D,D,D,D,D
E600000US3602128871,3602128871,"Ghent town, New York",31-33,Manufacturing,2012,2,7,1,58,2239,40,74,1652,3881,9729,5858,D
E600000US3602130565,3602130565,"Greenport town, New York",31-33,Manufacturing,2012,0,6,2,121,7675,70,125,2965,17932,D,15049,D
E600000US3602135969,3602135969,"Hudson city, New York",31-33,Manufacturing,2012,0,20,6,471,14367,356,710,8462,128349,240263,113359,4031
E600000US3602139573,3602139573,"Kinderhook town, New York",31-33,Manufacturing,2012,9,4,0,a,D,5,D,274,977,2559,1582,62
E600000US3602142917,3602142917,"Livingston town, New York",31-33,Manufacturing,2012,4,5,1,54,2849,44,78,1469,10354,D,5753,D
E600000US3602198021,3602198021,"Balance of Columbia County, New York",31-33,Manufacturing,2012,3,16,3,287,12983,218,438,8408,45470,D,49185,D
E600000US3602318388,3602318388,"Cortland city, New York",31-33,Manufacturing,2012,1,28,10,981,46663,740,1138,27154,105109,280545,175255,D
E600000US3602318421,3602318421,"Cortlandville town (balance), New York",31-33,Manufacturing,2012,1,20,13,1554,79054,847,1805,37523,147434,337586,191735,D
E600000US3602335276,3602335276,"Homer village, New York",31-33,Manufacturing,2012,0,7,1,c,D,D,250,D,D,D,D,D
E600000US3602398023,3602398023,"Balance of Cortland County, New York",31-33,Manufacturing,2012,0,10,5,479,13755,418,604,10361,D,D,D,D
E600000US3602520126,3602520126,"Delhi village, New York",31-33,Manufacturing,2012,9,3,1,c,D,D,D,D,D,D,D,D
E600000US3602531951,3602531951,"Hancock town, New York",31-33,Manufacturing,2012,4,6,2,115,D,84,155,2338,11774,22956,10561,576
E600000US3602567334,3602567334,"Sidney village, New York",31-33,Manufacturing,2012,4,6,5,2058,118927,1348,3147,D,147574,D,D,D
E600000US3602578036,3602578036,"Walton village, New York",31-33,Manufacturing,2012,0,3,2,209,8693,D,D,D,D,D,8052,D
E600000US3602598025,3602598025,"Balance of Delaware County, New York",31-33,Manufacturing,2012,1,15,8,1013,50609,732,1522,27687,250954,678182,437559,D
E600000US3602701693,3602701693,"Amenia town, New York",31-33,Manufacturing,2012,0,4,2,c,D,D,D,D,D,D,D,D
E600000US3602705100,3602705100,"Beacon city, New York",31-33,Manufacturing,2012,2,18,3,255,10926,176,394,5936,30660,D,32135,D
E600000US3602720819,3602720819,"Dover town, New York",31-33,Manufacturing,2012,1,8,3,275,11343,171,375,D,D,D,D,D
E600000US3602721996,3602721996,"East Fishkill town, New York",31-33,Manufacturing,2012,0,18,6,4081,D,D,3713,86180,232421,D,739195,D
E600000US3602725978,3602725978,"Fishkill town (balance), New York",31-33,Manufacturing,2012,0,5,1,48,D,D,39,D,D,D,D,D
E600000US3602737209,3602737209,"Hyde Park town, New York",31-33,Manufacturing,2012,9,10,1,66,2653,49,92,1729,4920,D,5991,D
E600000US3602740299,3602740299,"La Grange town, New York",31-33,Manufacturing,2012,3,16,3,167,9455,112,217,4487,11322,28887,17492,D
E600000US3602751891,3602751891,"North East town, New York",31-33,Manufacturing,2012,9,5,1,83,4168,60,D,D,D,D,D,D
E600000US3602756825,3602756825,"Pawling town, New York",31-33,Manufacturing,2012,0,11,1,60,3427,26,50,756,6455,D,19540,D
E600000US3602758695,3602758695,"Pleasant Valley town, New York",31-33,Manufacturing,2012,5,7,1,78,D,48,95,1701,D,D,D,D
E600000US3602759641,3602759641,"Poughkeepsie city, New York",31-33,Manufacturing,2012,0,27,10,2474,238778,668,1336,D,D,D,D,D
E600000US3602759652,3602759652,"Poughkeepsie town (balance), New York",31-33,Manufacturing,2012,6,26,5,297,12112,218,D,6426,27160,51683,24832,D
E600000US3602760905,3602760905,"Red Hook town, New York",31-33,Manufacturing,2012,9,6,0,15,528,9,14,348,D,D,915,D
E600000US3602761357,3602761357,"Rhinebeck town (balance), New York",31-33,Manufacturing,2012,1,9,1,69,3961,53,D,2191,3167,D,6532,D
E600000US3602770662,3602770662,"Stanford town, New York",31-33,Manufacturing,2012,0,5,1,64,D,50,D,D,2633,D,D,D
E600000US3602778157,3602778157,"Wappinger town (balance), New York",31-33,Manufacturing,2012,0,7,2,287,16343,125,D,5336,D,D,D,D
E600000US3602778168,3602778168,"Wappingers Falls village, New York",31-33,Manufacturing,2012,8,5,0,18,766,11,D,D,D,D,D,D
E600000US3602900441,3602900441,"Akron village, New York",31-33,Manufacturing,2012,0,8,6,1128,44142,753,1387,22951,141088,263312,128171,4500
E600000US3602901099,3602901099,"Alden town (balance), New York",31-33,Manufacturing,2012,0,12,3,175,9206,114,223,4906,D,D,D,886
E600000US3602902000,3602902000,"Amherst town (balance), New York",31-33,Manufacturing,2012,1,70,24,2364,134047,1304,2615,47909,283421,661577,372582,10226
E600000US3602903199,3602903199,"Aurora town (balance), New York",31-33,Manufacturing,2012,0,10,2,h,D,D,D,D,D,D,D,D
E600000US3602906849,3602906849,"Blasdell village, New York",31-33,Manufacturing,2012,0,9,2,152,5362,121,224,3844,6593,14484,8673,766
E600000US3602907454,3602907454,"Boston town, New York",31-33,Manufacturing,2012,1,6,0,28,D,D,25,D,3077,D,1871,90
E600000US3602911000,3602911000,"Buffalo city, New York",31-33,Manufacturing,2012,2,321,109,11225,600244,8008,16087,377550,2921210,5260550,2352675,300394
E600000US3602915011,3602915011,"Cheektowaga town (balance), New York",31-33,Manufacturing,2012,2,83,25,3607,193805,2541,5253,116503,599558,1221057,623857,24010
E600000US3602915825,3602915825,"Clarence town, New York",31-33,Manufacturing,2012,8,35,9,1595,88388,1077,1992,42981,221180,477695,254696,D
E600000US3602916870,3602916870,"Colden town, New York",31-33,Manufacturing,2012,2,5,0,22,935,D,29,D,697,2853,2160,49
E600000US3602917585,3602917585,"Concord town (balance), New York",31-33,Manufacturing,2012,2,5,2,72,2839,D,D,D,5625,12254,6713,D
E600000US3602920313,3602920313,"Depew village, New York",31-33,Manufacturing,2012,2,22,8,1634,75482,1177,2480,48225,128458,346231,222193,D
E600000US3602921589,3602921589,"East Aurora village, New York",31-33,Manufacturing,2012,0,6,1,e,D,D,D,D,D,D,D,D
E600000US3602923415,3602923415,"Eden town, New York",31-33,Manufacturing,2012,7,9,0,40,1294,D,40,D,3236,6679,3444,291
E600000US3602924130,3602924130,"Elma town, New York",31-33,Manufacturing,2012,0,11,3,759,38340,604,1204,24506,D,164041,D,D
E600000US3602924801,3602924801,"Evans town, New York",31-33,Manufacturing,2012,2,7,3,542,19832,429,729,13298,33041,118841,85555,845
E600000US3602929828,3602929828,"Grand Island town, New York",31-33,Manufacturing,2012,3,17,7,1491,79512,860,1373,36678,201291,743250,532305,D
E600000US3602931643,3602931643,"Hamburg village, New York",31-33,Manufacturing,2012,1,15,5,219,9310,161,327,6270,14402,39357,25898,2726
E600000US3602931654,3602931654,"Hamburg town (balance), New York",31-33,Manufacturing,2012,5,28,11,1247,90165,1016,1885,69394,513359,D,176402,21347
E600000US3602935122,3602935122,"Holland town, New York",31-33,Manufacturing,2012,4,7,2,122,4978,96,187,3438,13207,24928,10967,181
E600000US3602939232,3602939232,"Kenmore village, New York",31-33,Manufacturing,2012,0,10,2,75,3474,51,108,D,4791,12454,7698,D
E600000US3602940189,3602940189,"Lackawanna city, New York",31-33,Manufacturing,2012,5,23,5,312,13806,224,479,8768,29185,60341,31007,1624
E600000US3602941135,3602941135,"Lancaster village, New York",31-33,Manufacturing,2012,5,26,10,992,52629,617,1211,21093,163064,284842,122413,5353
E600000US3602941146,3602941146,"Lancaster town (balance), New York",31-33,Manufacturing,2012,1,33,14,1094,58140,685,1373,27246,153538,291084,138598,6215
E600000US3602950716,3602950716,"Newstead town (balance), New York",31-33,Manufacturing,2012,1,10,5,292,21227,207,434,12583,31097,D,75282,2767
E600000US3602951803,3602951803,"North Collins town, New York",31-33,Manufacturing,2012,0,5,3,157,6690,109,132,4019,13076,D,24414,D
E600000US3602955266,3602955266,"Orchard Park village, New York",31-33,Manufacturing,2012,2,6,3,108,4269,67,120,2116,10820,20156,9271,D
E600000US3602955277,3602955277,"Orchard Park town (balance), New York",31-33,Manufacturing,2012,0,39,17,2488,126857,1577,2855,62986,276390,620803,341437,17647
E600000US3602965277,3602965277,"Sardinia town, New York",31-33,Manufacturing,2012,1,8,2,108,4310,79,149,2680,11959,D,8691,358
E600000US3602970442,3602970442,"Springville village, New York",31-33,Manufacturing,2012,4,8,2,209,10941,130,255,5579,6938,D,21736,888
E600000US3602974166,3602974166,"Tonawanda city, New York",31-33,Manufacturing,2012,4,34,14,909,41188,690,1339,28100,118340,226485,104144,6920
E600000US3602975000,3602975000,"Tonawanda town (balance), New York",31-33,Manufacturing,2012,1,72,25,3739,224389,2550,4847,135877,654246,1619710,963865,47284
E600000US3602977871,3602977871,"Wales town, New York",31-33,Manufacturing,2012,7,5,2,113,6147,93,162,4414,7755,D,9489,D
E600000US3602980918,3602980918,"West Seneca town, New York",31-33,Manufacturing,2012,2,32,11,1430,56268,1093,2306,34071,128970,339574,210965,8814
E600000US3602982084,3602982084,"Williamsville village, New York",31-33,Manufacturing,2012,9,6,0,11,275,6,D,159,445,D,466,8
E600000US3603138396,3603138396,"Jay town, New York",31-33,Manufacturing,2012,1,3,1,b,D,D,D,D,D,D,D,D
E600000US3603140761,3603140761,"Lake Placid village, New York",31-33,Manufacturing,2012,6,4,0,a,D,D,D,D,574,D,723,D
E600000US3603151935,3603151935,"North Elba town (balance), New York",31-33,Manufacturing,2012,4,3,0,b,D,D,D,D,D,D,D,0
E600000US3603173891,3603173891,"Ticonderoga town, New York",31-33,Manufacturing,2012,0,3,1,f,D,D,D,D,D,D,4223,D
E600000US3603198031,3603198031,"Balance of Essex County, New York",31-33,Manufacturing,2012,6,14,1,106,D,62,D,D,D,D,D,D
E600000US3603344710,3603344710,"Malone village, New York",31-33,Manufacturing,2012,0,6,1,50,1335,40,D,792,7041,D,4741,D
E600000US3603344721,3603344721,"Malone town (balance), New York",31-33,Manufacturing,2012,9,4,0,a,D,D,5,D,D,D,D,D
E600000US3603398033,3603398033,"Balance of Franklin County, New York",31-33,Manufacturing,2012,5,14,3,233,10612,194,336,7749,D,D,D,D
E600000US3603529443,3603529443,"Gloversville city, New York",31-33,Manufacturing,2012,2,34,8,664,19816,472,918,12203,52005,D,53739,D
E600000US3603538781,3603538781,"Johnstown city, New York",31-33,Manufacturing,2012,0,24,10,998,44157,748,1557,26227,318359,598547,278796,93538
E600000US3603538792,3603538792,"Johnstown town, New York",31-33,Manufacturing,2012,9,3,0,6,D,3,D,D,D,D,D,D
E600000US3603546217,3603546217,"Mayfield town, New York",31-33,Manufacturing,2012,2,4,0,24,682,13,D,D,647,D,1179,D
E600000US3603551407,3603551407,"Northampton town, New York",31-33,Manufacturing,2012,5,3,0,7,D,3,D,D,D,D,D,0
E600000US3603704715,3603704715,"Batavia city, New York",31-33,Manufacturing,2012,0,33,11,1215,62952,831,1477,33352,330421,502932,176405,16104
E600000US3603704726,3603704726,"Batavia town, New York",31-33,Manufacturing,2012,0,12,5,389,15676,275,416,9220,117571,160954,43084,D
E600000US3603706057,3603706057,"Bergen town, New York",31-33,Manufacturing,2012,0,6,2,180,7996,91,215,2501,D,D,33404,D
E600000US3603719719,3603719719,"Darien town, New York",31-33,Manufacturing,2012,9,3,0,a,D,D,2,D,D,D,D,0
E600000US3603742026,3603742026,"Le Roy village, New York",31-33,Manufacturing,2012,0,12,3,229,10049,155,335,5027,30372,58834,28172,D
E600000US3603742037,3603742037,"Le Roy town (balance), New York",31-33,Manufacturing,2012,0,4,1,140,D,89,D,D,D,D,5603,D
E600000US3603757078,3603757078,"Pembroke town, New York",31-33,Manufacturing,2012,9,6,2,110,D,84,D,D,D,D,D,D
E600000US3603798037,3603798037,"Balance of Genesee County, New York",31-33,Manufacturing,2012,6,17,2,352,16113,244,486,9973,50558,88538,37300,1549
E600000US3603902913,3603902913,"Athens town, New York",31-33,Manufacturing,2012,0,4,1,49,2018,39,72,1469,D,D,4500,D
E600000US3603911649,3603911649,"Cairo town, New York",31-33,Manufacturing,2012,8,8,0,29,1380,17,28,642,1974,4708,2731,D
E600000US3603913002,3603913002,"Catskill village, New York",31-33,Manufacturing,2012,6,5,0,32,1695,20,40,1115,6097,11967,5870,0
E600000US3603918729,3603918729,"Coxsackie town (balance), New York",31-33,Manufacturing,2012,0,3,2,e,D,D,D,D,D,D,D,D
E600000US3603921204,3603921204,"Durham town, New York",31-33,Manufacturing,2012,0,3,1,c,D,D,D,D,D,D,D,D
E600000US3603930620,3603930620,"Greenville town (Greene County), New York",31-33,Manufacturing,2012,5,4,1,30,925,22,36,654,1470,2826,1356,D
E600000US3604198041,3604198041,"Hamilton County, New York",31-33,Manufacturing,2012,9,3,0,8,D,4,7,D,D,D,D,D
E600000US3604327188,3604327188,"Frankfort village, New York",31-33,Manufacturing,2012,1,9,5,257,12015,157,D,4974,25429,46714,21298,D
E600000US3604327199,3604327199,"Frankfort town (balance), New York",31-33,Manufacturing,2012,0,3,1,e,D,D,D,D,D,D,D,D
E600000US3604342741,3604342741,"Little Falls city, New York",31-33,Manufacturing,2012,7,11,6,564,29274,430,924,21426,79487,D,86312,D
E600000US3604344974,3604344974,"Manheim town, New York",31-33,Manufacturing,2012,2,5,3,177,5870,147,278,3936,6278,D,14948,D
E600000US3604398043,3604398043,"Balance of Herkimer County, New York",31-33,Manufacturing,2012,8,24,2,216,10641,162,319,6908,30795,52704,22008,D
E600000US3604500210,3604500210,"Adams town, New York",31-33,Manufacturing,2012,0,4,1,c,D,D,D,2873,D,D,D,D
E600000US3604510242,3604510242,"Brownville town, New York",31-33,Manufacturing,2012,0,5,2,154,6023,128,246,4405,24160,42042,17713,D
E600000US3604512364,3604512364,"Cape Vincent town, New York",31-33,Manufacturing,2012,3,3,0,20,D,17,D,D,D,D,D,D
E600000US3604512683,3604512683,"Carthage village, New York",31-33,Manufacturing,2012,5,4,2,101,4511,73,149,D,D,D,D,D
E600000US3604513717,3604513717,"Champion town, New York",31-33,Manufacturing,2012,9,3,1,b,2116,D,D,1884,20144,D,4515,D
E600000US3604516100,3604516100,"Clayton town, New York",31-33,Manufacturing,2012,1,3,0,9,D,D,D,D,D,D,D,4
E600000US3604555398,3604555398,"Orleans town, New York",31-33,Manufacturing,2012,0,5,2,186,7841,144,292,D,D,D,7896,D
E600000US3604556209,3604556209,"Pamelia town, New York",31-33,Manufacturing,2012,2,4,1,52,2178,35,85,1264,5487,D,5740,D
E600000US3604578608,3604578608,"Watertown city, New York",31-33,Manufacturing,2012,0,15,4,818,47717,408,654,D,D,D,D,D
E600000US3604578619,3604578619,"Watertown town, New York",31-33,Manufacturing,2012,0,10,4,585,21435,409,802,11293,35420,D,68922,D
E600000US3604582348,3604582348,"Wilna town (balance), New York",31-33,Manufacturing,2012,0,3,1,41,D,D,D,D,D,D,D,D
E600000US3604920214,3604920214,"Denmark town, New York",31-33,Manufacturing,2012,9,4,0,a,D,D,D,D,D,D,D,D
E600000US3604943720,3604943720,"Lowville village, New York",31-33,Manufacturing,2012,0,5,4,559,25569,504,1022,21935,298654,D,52335,14388
E600000US3604950001,3604950001,"New Bremen town, New York",31-33,Manufacturing,2012,0,5,1,77,3811,62,123,2895,D,D,D,D
E600000US3604998049,3604998049,"Balance of Lewis County, New York",31-33,Manufacturing,2012,3,9,6,664,26177,454,784,13919,64702,D,72764,D
E600000US3605103353,3605103353,"Avon village, New York",31-33,Manufacturing,2012,0,6,5,1012,42012,885,1870,33036,224317,311096,87486,6408
E600000US3605103364,3605103364,"Avon town (balance), New York",31-33,Manufacturing,2012,0,6,2,147,6549,118,D,D,D,D,D,D
E600000US3605111715,3605111715,"Caledonia town, New York",31-33,Manufacturing,2012,0,8,5,222,8129,170,322,5108,81823,92341,10473,372
E600000US3605119664,3605119664,"Dansville village, New York",31-33,Manufacturing,2012,1,3,1,b,1316,D,D,D,D,D,D,54
E600000US3605142334,3605142334,"Lima town, New York",31-33,Manufacturing,2012,0,9,3,206,9287,134,254,4026,13189,32746,20108,D
E600000US3605142961,3605142961,"Livonia town, New York",31-33,Manufacturing,2012,1,4,1,32,929,26,D,449,1627,D,1428,23
E600000US3605184022,3605184022,"York town, New York",31-33,Manufacturing,2012,9,3,2,c,D,D,D,D,D,D,D,D
E600000US3605198051,3605198051,"Balance of Livingston County, New York",31-33,Manufacturing,2012,2,11,2,180,9067,147,368,6067,26820,D,20246,D
E600000US3605312188,3605312188,"Canastota village, New York",31-33,Manufacturing,2012,3,12,4,233,10244,191,393,6824,83175,D,27861,D
E600000US3605313156,3605313156,"Cazenovia town (balance), New York",31-33,Manufacturing,2012,6,8,4,570,33475,335,658,13915,62574,134899,72164,D
E600000US3605341905,3605341905,"Lenox town (balance), New York",31-33,Manufacturing,2012,3,6,2,141,6860,99,220,D,17131,D,11418,D
E600000US3605344435,3605344435,"Madison town (balance), New York",31-33,Manufacturing,2012,9,3,0,a,D,D,7,D,D,D,D,D
E600000US3605354837,3605354837,"Oneida city, New York",31-33,Manufacturing,2012,0,9,3,458,20909,400,796,16525,D,297836,D,2869
E600000US3605371993,3605371993,"Sullivan town (balance), New York",31-33,Manufacturing,2012,0,6,1,164,D,D,D,D,D,D,D,D
E600000US3605398053,3605398053,"Balance of Madison County, New York",31-33,Manufacturing,2012,0,10,1,390,12272,331,593,9138,D,D,D,D
E600000US3605508246,3605508246,"Brighton town, New York",31-33,Manufacturing,2012,2,20,6,707,33865,445,749,12429,44052,109383,62159,29738
E600000US3605515462,3605515462,"Chili town, New York",31-33,Manufacturing,2012,0,23,14,2077,169811,635,1243,27767,230487,621718,388004,D
E600000US3605522865,3605522865,"East Rochester village, New York",31-33,Manufacturing,2012,1,19,3,172,6794,132,230,4505,9448,23778,14369,D
E600000US3605525076,3605525076,"Fairport village, New York",31-33,Manufacturing,2012,0,18,2,463,18666,349,715,14410,D,D,62534,D
E600000US3605528442,3605528442,"Gates town, New York",31-33,Manufacturing,2012,3,64,30,2305,106185,1793,3461,72800,203091,499513,297096,23231
E600000US3605530290,3605530290,"Greece town, New York",31-33,Manufacturing,2012,0,30,8,1900,152038,936,1929,40232,392372,D,534693,25165
E600000US3605531797,3605531797,"Hamlin town, New York",31-33,Manufacturing,2012,5,6,0,15,557,9,18,332,470,1523,1053,43
E600000US3605534099,3605534099,"Henrietta town, New York",31-33,Manufacturing,2012,1,80,37,4412,248409,2581,5125,109927,876101,1665005,801005,59636
E600000US3605534847,3605534847,"Hilton village, New York",31-33,Manufacturing,2012,9,3,0,22,999,D,35,D,818,3083,2265,D
E600000US3605535364,3605535364,"Honeoye Falls village, New York",31-33,Manufacturing,2012,0,8,5,479,23071,283,620,11271,22564,108078,84998,D
E600000US3605537726,3605537726,"Irondequoit town, New York",31-33,Manufacturing,2012,1,14,1,128,4203,89,141,2488,2361,10729,8317,D
E600000US3605546558,3605546558,"Mendon town (balance), New York",31-33,Manufacturing,2012,3,4,0,13,444,8,12,199,D,D,1715,D
E600000US3605554474,3605554474,"Ogden town (balance), New York",31-33,Manufacturing,2012,0,18,13,858,44321,482,982,21596,53248,115403,62081,18142
E600000US3605556561,3605556561,"Parma town (balance), New York",31-33,Manufacturing,2012,1,10,2,67,4008,40,87,1832,4816,D,8600,D
E600000US3605557144,3605557144,"Penfield town, New York",31-33,Manufacturing,2012,0,21,6,1209,78072,733,1101,21113,93260,D,280138,11385
E600000US3605557221,3605557221,"Perinton town (balance), New York",31-33,Manufacturing,2012,3,40,17,1125,55708,642,1218,23633,154676,340009,185504,D
E600000US3605558354,3605558354,"Pittsford village, New York",31-33,Manufacturing,2012,6,5,0,25,846,13,20,385,1414,3092,1678,0
E600000US3605558365,3605558365,"Pittsford town (balance), New York",31-33,Manufacturing,2012,0,21,5,670,36923,424,842,16252,135043,201528,68081,D
E600000US3605561808,3605561808,"Riga town, New York",31-33,Manufacturing,2012,0,11,2,124,5236,75,136,2867,37728,52628,14913,D
E600000US3605563000,3605563000,"Rochester city, New York",31-33,Manufacturing,2012,2,417,140,19217,1164774,11992,24002,617338,3429261,7492308,4042857,163552
E600000US3605572455,3605572455,"Sweden town (balance), New York",31-33,Manufacturing,2012,1,3,1,b,D,D,D,D,D,D,D,D
E600000US3605578960,3605578960,"Webster village, New York",31-33,Manufacturing,2012,0,10,2,1128,D,D,1604,D,D,D,D,D
E600000US3605578971,3605578971,"Webster town (balance), New York",31-33,Manufacturing,2012,0,24,9,635,33168,402,902,20470,57722,119181,67394,8128
E600000US3605581402,3605581402,"Wheatland town, New York",31-33,Manufacturing,2012,5,11,4,780,34698,609,1169,20221,66195,126065,63438,D
E600000US3605702066,3605702066,"Amsterdam city, New York",31-33,Manufacturing,2012,1,38,10,1293,43613,859,1652,30501,165225,283027,118156,D
E600000US3605702077,3605702077,"Amsterdam town, New York",31-33,Manufacturing,2012,4,7,6,873,33496,544,1107,17867,139910,241040,99427,D
E600000US3605712122,3605712122,"Canajoharie town, New York",31-33,Manufacturing,2012,0,3,2,c,D,D,D,D,D,D,D,D
E600000US3605729047,3605729047,"Glen town, New York",31-33,Manufacturing,2012,0,7,3,279,12961,178,308,5211,24268,63919,39419,D
E600000US3605747614,3605747614,"Minden town, New York",31-33,Manufacturing,2012,9,4,0,8,224,5,D,D,760,1429,674,D
E600000US3605747834,3605747834,"Mohawk town, New York",31-33,Manufacturing,2012,2,7,4,f,D,D,D,D,D,D,D,D
E600000US3605764650,3605764650,"St. Johnsville town, New York",31-33,Manufacturing,2012,5,3,1,b,D,D,D,D,D,D,D,0
E600000US3605798057,3605798057,"Balance of Montgomery County, New York",31-33,Manufacturing,2012,0,3,1,b,D,D,D,D,D,D,D,D
E600000US3605913233,3605913233,"Cedarhurst village, New York",31-33,Manufacturing,2012,4,4,0,20,436,8,12,279,552,D,758,13
E600000US3605922876,3605922876,"East Rockaway village, New York",31-33,Manufacturing,2012,3,6,1,39,1544,29,40,944,3949,D,2384,D
E600000US3605925384,3605925384,"Farmingdale village, New York",31-33,Manufacturing,2012,4,12,2,154,7192,117,227,4972,9798,D,16135,D
E600000US3605926264,3605926264,"Floral Park village, New York",31-33,Manufacturing,2012,5,11,1,97,3944,46,83,1551,3877,11300,7432,D
E600000US3605927485,3605927485,"Freeport village, New York",31-33,Manufacturing,2012,3,77,23,1736,69537,1229,2290,38605,150583,324349,183043,D
E600000US3605928178,3605928178,"Garden City village, New York",31-33,Manufacturing,2012,6,17,3,175,7952,113,227,4483,16241,34791,18301,D
E600000US3605929113,3605929113,"Glen Cove city, New York",31-33,Manufacturing,2012,1,22,4,254,9624,180,381,5414,24448,D,26134,D
E600000US3605930169,3605930169,"Great Neck village, New York",31-33,Manufacturing,2012,0,6,0,19,583,13,21,421,1377,3001,1624,D
E600000US3605930213,3605930213,"Great Neck Plaza village, New York",31-33,Manufacturing,2012,9,10,1,65,3049,42,80,1954,3721,D,7709,D
E600000US3605933139,3605933139,"Hempstead village, New York",31-33,Manufacturing,2012,4,19,3,221,11044,150,274,5419,17519,D,25971,D
E600000US3605934000,3605934000,"Hempstead town (balance), New York",31-33,Manufacturing,2012,5,277,42,3256,153541,2159,4069,75057,305702,707695,401219,D
E600000US3605941553,3605941553,"Lawrence village, New York",31-33,Manufacturing,2012,7,6,0,56,2119,38,55,825,2432,7263,4831,D
E600000US3605943335,3605943335,"Long Beach city, New York",31-33,Manufacturing,2012,9,6,0,15,597,8,D,303,1381,2584,1203,12
E600000US3605943874,3605943874,"Lynbrook village, New York",31-33,Manufacturing,2012,9,23,0,112,5141,68,126,2448,6609,D,16231,D
E600000US3605944787,3605944787,"Malverne village, New York",31-33,Manufacturing,2012,3,5,1,30,597,23,19,389,856,2287,1431,D
E600000US3605945106,3605945106,"Manorhaven village, New York",31-33,Manufacturing,2012,8,9,0,31,1204,20,37,594,1346,D,2195,D
E600000US3605945997,3605945997,"Massapequa Park village, New York",31-33,Manufacturing,2012,6,5,0,16,179,13,13,D,243,533,290,D
E600000US3605947636,3605947636,"Mineola village, New York",31-33,Manufacturing,2012,2,44,8,711,32427,497,923,17584,114002,193380,81721,2689
E600000US3605950397,3605950397,"New Hyde Park village, New York",31-33,Manufacturing,2012,7,17,4,235,9811,192,375,7395,12382,D,18607,D
E600000US3605953000,3605953000,"North Hempstead town (balance), New York",31-33,Manufacturing,2012,4,141,34,3144,163244,2152,4271,91135,353214,725203,377321,21565
E600000US3605953022,3605953022,"North Hills village, New York",31-33,Manufacturing,2012,9,4,0,11,D,7,6,D,D,D,D,2
E600000US3605956000,3605956000,"Oyster Bay town (balance), New York",31-33,Manufacturing,2012,0,236,44,4877,349491,2918,5589,168288,822487,2631897,1797719,29408
E600000US3605959531,3605959531,"Port Washington North village, New York",31-33,Manufacturing,2012,0,12,6,284,12033,145,242,5893,20672,D,38762,D
E600000US3605963264,3605963264,"Rockville Centre village, New York",31-33,Manufacturing,2012,9,12,2,138,5310,104,205,3211,16001,D,14504,D
E600000US3605963770,3605963770,"Roslyn village, New York",31-33,Manufacturing,2012,0,4,1,57,2236,27,43,707,3240,D,4859,D
E600000US3605976705,3605976705,"Valley Stream village, New York",31-33,Manufacturing,2012,6,25,0,92,3649,56,94,1692,7291,15189,7885,D
E600000US3605979444,3605979444,"Westbury village, New York",31-33,Manufacturing,2012,0,15,2,474,26785,183,378,11728,D,D,64280,D
E600000US3605982117,3605982117,"Williston Park village, New York",31-33,Manufacturing,2012,8,6,0,14,392,8,11,213,400,1106,706,D
E600000US3606311803,3606311803,"Cambria town, New York",31-33,Manufacturing,2012,2,12,1,108,3999,80,164,3256,3083,D,10644,821
E600000US3606343082,3606343082,"Lockport city, New York",31-33,Manufacturing,2012,2,37,10,940,43190,616,1241,24182,215362,317307,103081,11075
E600000US3606343093,3606343093,"Lockport town, New York",31-33,Manufacturing,2012,0,17,7,1481,118758,1184,2527,88330,D,D,D,8594
E600000US3606350232,3606350232,"Newfane town, New York",31-33,Manufacturing,2012,2,7,0,29,1275,21,37,736,1015,D,2493,179
E600000US3606351033,3606351033,"Niagara town, New York",31-33,Manufacturing,2012,0,17,6,368,15531,265,546,8828,52036,99505,47693,D
E600000US3606351055,3606351055,"Niagara Falls city, New York",31-33,Manufacturing,2012,0,43,17,1662,116347,1189,2535,77527,532339,1071832,534635,62943
E600000US3606353682,3606353682,"North Tonawanda city, New York",31-33,Manufacturing,2012,0,62,20,1440,66255,1001,2100,39377,214940,437136,229473,7932
E600000US3606357111,3606357111,"Pendleton town, New York",31-33,Manufacturing,2012,3,6,3,113,4938,73,161,2986,16628,D,12811,D
E600000US3606359267,3606359267,"Porter town, New York",31-33,Manufacturing,2012,9,4,1,32,1652,23,D,1063,1990,5443,3453,D
E600000US3606364034,3606364034,"Royalton town, New York",31-33,Manufacturing,2012,8,16,3,194,9787,130,268,5636,46941,D,47557,4922
E600000US3606368330,3606368330,"Somerset town, New York",31-33,Manufacturing,2012,8,4,2,90,3954,D,D,2736,D,D,D,45
E600000US3606381380,3606381380,"Wheatfield town, New York",31-33,Manufacturing,2012,0,38,16,1425,70744,925,2043,39735,220328,441509,222249,28961
E600000US3606382370,3606382370,"Wilson town, New York",31-33,Manufacturing,2012,0,4,1,52,2944,28,51,D,D,D,D,D
E600000US3606507366,3606507366,"Boonville town, New York",31-33,Manufacturing,2012,3,9,2,99,3156,80,146,2287,11428,19791,8320,388
E600000US3606511858,3606511858,"Camden town, New York",31-33,Manufacturing,2012,0,4,2,e,D,D,D,D,D,D,D,D
E600000US3606526385,3606526385,"Floyd town, New York",31-33,Manufacturing,2012,5,3,2,c,D,D,D,D,D,D,D,D
E600000US3606539804,3606539804,"Kirkland town, New York",31-33,Manufacturing,2012,8,6,3,580,32611,448,879,21115,30270,D,62746,D
E600000US3606545535,3606545535,"Marcy town, New York",31-33,Manufacturing,2012,8,4,0,29,1271,21,44,842,4271,D,3081,D
E600000US3606550298,3606550298,"New Hartford village, New York",31-33,Manufacturing,2012,1,3,0,8,D,3,D,D,D,D,D,0
E600000US3606550309,3606550309,"New Hartford town (balance), New York",31-33,Manufacturing,2012,0,14,8,2483,132201,1295,2631,55117,326469,717372,422331,D
E600000US3606551011,3606551011,"New York Mills village, New York",31-33,Manufacturing,2012,0,10,4,393,16048,306,566,8632,84149,117841,33822,D
E600000US3606556330,3606556330,"Paris town, New York",31-33,Manufacturing,2012,0,4,1,c,D,D,D,D,D,D,D,D
E600000US3606563418,3606563418,"Rome city, New York",31-33,Manufacturing,2012,0,37,15,1439,75110,919,1878,37210,758743,957688,203063,21787
E600000US3606565134,3606565134,"Sangerfield town, New York",31-33,Manufacturing,2012,3,6,2,189,7386,148,269,4735,44737,D,16288,D
E600000US3606566993,3606566993,"Sherrill city, New York",31-33,Manufacturing,2012,0,8,2,91,4129,75,150,3083,11736,25647,14181,545
E600000US3606575280,3606575280,"Trenton town, New York",31-33,Manufacturing,2012,4,6,1,68,3222,46,86,1845,3081,D,5233,D
E600000US3606576540,3606576540,"Utica city, New York",31-33,Manufacturing,2012,3,68,18,1708,73408,989,1919,31112,153207,322160,167737,11884
E600000US3606577486,3606577486,"Vienna town, New York",31-33,Manufacturing,2012,0,3,1,e,D,D,D,D,D,D,D,D
E600000US3606580533,3606580533,"Westmoreland town, New York",31-33,Manufacturing,2012,9,5,2,95,4788,54,102,2181,D,D,14110,247
E600000US3606581710,3606581710,"Whitesboro village, New York",31-33,Manufacturing,2012,0,3,1,c,D,D,D,D,D,D,D,D
E600000US3606581754,3606581754,"Whitestown town (balance), New York",31-33,Manufacturing,2012,1,19,10,1009,41559,576,983,18349,374414,D,105857,D
E600000US3606584099,3606584099,"Yorkville village, New York",31-33,Manufacturing,2012,0,6,3,236,6698,177,296,4352,12352,28243,16298,D
E600000US3606598065,3606598065,"Balance of Oneida County, New York",31-33,Manufacturing,2012,3,11,1,151,4590,110,177,2938,25922,49915,24618,D
E600000US3606704198,3606704198,"Baldwinsville village, New York",31-33,Manufacturing,2012,9,4,1,37,1592,22,D,D,D,D,D,D
E600000US3606711913,3606711913,"Camillus town, New York",31-33,Manufacturing,2012,0,3,1,c,D,D,D,D,D,D,D,D
E600000US3606715704,3606715704,"Cicero town (balance), New York",31-33,Manufacturing,2012,0,21,8,825,43155,489,994,20931,418199,D,303190,D
E600000US3606716067,3606716067,"Clay town (balance), New York",31-33,Manufacturing,2012,1,29,16,1652,68968,933,1766,31351,170887,351108,183808,11407
E600000US3606720478,3606720478,"De Witt town (balance), New York",31-33,Manufacturing,2012,1,113,53,4543,265071,2524,4713,98992,692710,1542525,941943,57181
E600000US3606723052,3606723052,"East Syracuse village, New York",31-33,Manufacturing,2012,1,14,6,418,38932,293,691,24668,96830,D,73020,D
E600000US3606723800,3606723800,"Elbridge town, New York",31-33,Manufacturing,2012,0,6,5,867,41600,785,1377,34522,104433,D,102089,D
E600000US3606728519,3606728519,"Geddes town (balance), New York",31-33,Manufacturing,2012,0,16,7,504,26442,384,738,17054,71459,D,58777,D
E600000US3606740266,3606740266,"LaFayette town, New York",31-33,Manufacturing,2012,0,3,1,33,1165,D,D,D,D,D,2965,D
E600000US3606744039,3606744039,"Lysander town (balance), New York",31-33,Manufacturing,2012,0,8,3,896,56273,744,1319,38431,D,D,D,28019
E600000US3606745018,3606745018,"Manlius village, New York",31-33,Manufacturing,2012,0,7,4,875,32122,657,1399,18916,36999,D,59934,D
E600000US3606745029,3606745029,"Manlius town (balance), New York",31-33,Manufacturing,2012,7,6,2,85,3291,62,109,1852,5618,12142,6524,107
E600000US3606745491,3606745491,"Marcellus town, New York",31-33,Manufacturing,2012,2,4,1,41,1629,24,47,769,6783,D,5824,D
E600000US3606753660,3606753660,"North Syracuse village, New York",31-33,Manufacturing,2012,0,7,3,335,16376,154,232,4393,40908,85610,45580,D
E600000US3606754958,3606754958,"Onondaga town, New York",31-33,Manufacturing,2012,2,9,2,89,4339,40,95,1466,7161,D,13640,934
E600000US3606764815,3606764815,"Salina town (balance), New York",31-33,Manufacturing,2012,5,45,14,1029,50115,675,1320,23629,111350,230843,120336,D
E600000US3606767521,3606767521,"Skaneateles town, New York",31-33,Manufacturing,2012,5,8,4,1807,165862,770,1568,30553,510932,D,631324,D
E600000US3606768286,3606768286,"Solvay village, New York",31-33,Manufacturing,2012,0,7,4,398,17940,329,722,12228,56204,D,72838,8061
E600000US3606773000,3606773000,"Syracuse city, New York",31-33,Manufacturing,2012,0,111,31,3772,181318,2351,4597,94958,705779,1656366,957562,47955
E600000US3606776760,3606776760,"Van Buren town (balance), New York",31-33,Manufacturing,2012,0,7,2,149,8855,81,154,2924,22320,D,13874,D
E600000US3606912144,3606912144,"Canandaigua city, New York",31-33,Manufacturing,2012,0,14,3,286,14773,226,469,10439,D,D,85245,D
E600000US3606912155,3606912155,"Canandaigua town, New York",31-33,Manufacturing,2012,9,11,2,863,34304,736,1478,24273,160484,387057,D,D
E600000US3606921699,3606921699,"East Bloomfield town, New York",31-33,Manufacturing,2012,7,11,5,560,27862,410,832,12911,98589,D,130250,7588
E600000US3606925406,3606925406,"Farmington town, New York",31-33,Manufacturing,2012,1,9,6,343,14860,236,426,9119,25791,55870,30565,D
E600000US3606928651,3606928651,"Geneva town, New York",31-33,Manufacturing,2012,0,4,2,e,D,D,D,D,D,D,D,419
E600000US3606929531,3606929531,"Gorham town, New York",31-33,Manufacturing,2012,0,4,0,15,D,D,D,D,D,D,D,8
E600000US3606935551,3606935551,"Hopewell town, New York",31-33,Manufacturing,2012,0,3,1,24,D,15,D,D,D,D,D,D
E600000US3606944864,3606944864,"Manchester town (balance), New York",31-33,Manufacturing,2012,1,13,5,324,13050,269,560,9956,19509,D,38578,1713
E600000US3606949440,3606949440,"Naples town, New York",31-33,Manufacturing,2012,0,5,1,55,1340,44,53,956,D,D,D,71
E600000US3606957529,3606957529,"Phelps town (balance), New York",31-33,Manufacturing,2012,7,12,6,368,18591,241,524,9860,195455,287215,91892,14037
E600000US3606961544,3606961544,"Richmond town, New York",31-33,Manufacturing,2012,8,7,3,137,5962,93,179,3541,20512,D,15283,D
E600000US3606966289,3606966289,"Seneca town, New York",31-33,Manufacturing,2012,7,3,0,26,1085,17,33,596,1113,3259,2143,D
E600000US3606977376,3606977376,"Victor village, New York",31-33,Manufacturing,2012,0,7,4,253,13382,161,357,5827,53849,90542,37445,D
E600000US3606977387,3606977387,"Victor town (balance), New York",31-33,Manufacturing,2012,3,44,26,1758,100973,952,1921,38961,335531,592160,267868,8874
E600000US3607115297,3607115297,"Chester village, New York",31-33,Manufacturing,2012,1,6,5,382,19978,249,401,9777,74848,D,179269,D
E600000US3607115308,3607115308,"Chester town (balance), New York",31-33,Manufacturing,2012,9,8,5,221,10154,119,220,5626,23489,D,20222,D
E600000US3607118300,3607118300,"Cornwall town (balance), New York",31-33,Manufacturing,2012,5,6,0,24,995,16,25,D,523,1880,1353,D
E600000US3607126319,3607126319,"Florida village, New York",31-33,Manufacturing,2012,5,11,5,318,16815,192,402,6534,72725,124758,51926,D
E600000US3607129542,3607129542,"Goshen village, New York",31-33,Manufacturing,2012,9,4,1,60,D,36,D,D,D,D,D,D
E600000US3607129553,3607129553,"Goshen town (balance), New York",31-33,Manufacturing,2012,8,12,3,167,8726,88,153,3040,27586,D,37354,D
E600000US3607139853,3607139853,"Kiryas Joel village, New York",31-33,Manufacturing,2012,9,31,1,323,8661,274,493,6558,41981,D,20866,790
E600000US3607147042,3607147042,"Middletown city, New York",31-33,Manufacturing,2012,1,29,10,685,30462,489,876,16838,74040,166340,92575,6929
E600000US3607147713,3607147713,"Minisink town, New York",31-33,Manufacturing,2012,1,8,0,29,1376,15,22,483,2653,D,7937,D
E600000US3607147988,3607147988,"Monroe village, New York",31-33,Manufacturing,2012,9,6,0,24,948,15,22,466,1370,3569,2200,D
E600000US3607147999,3607147999,"Monroe town (balance), New York",31-33,Manufacturing,2012,4,6,0,32,1334,22,24,855,1974,3834,1860,D
E600000US3607148142,3607148142,"Montgomery village, New York",31-33,Manufacturing,2012,9,3,0,8,D,5,D,D,D,D,D,D
E600000US3607148153,3607148153,"Montgomery town (balance), New York",31-33,Manufacturing,2012,1,11,4,293,14668,199,371,7514,138887,169563,29412,1157
E600000US3607150034,3607150034,"Newburgh city, New York",31-33,Manufacturing,2012,3,47,12,696,26946,502,940,14911,46023,109940,67573,2345
E600000US3607150045,3607150045,"Newburgh town, New York",31-33,Manufacturing,2012,8,14,4,516,23199,243,500,9423,129863,236608,106921,D
E600000US3607150848,3607150848,"New Windsor town, New York",31-33,Manufacturing,2012,1,30,10,755,35860,580,1104,23464,170321,286225,113961,29765
E600000US3607159388,3607159388,"Port Jervis city, New York",31-33,Manufacturing,2012,8,11,4,617,25946,407,756,16789,67350,D,60153,D
E600000US3607177849,3607177849,"Walden village, New York",31-33,Manufacturing,2012,3,4,2,e,D,D,D,D,D,D,D,D
E600000US3607177992,3607177992,"Wallkill town, New York",31-33,Manufacturing,2012,1,29,12,1145,64750,880,1836,44047,355650,646245,296283,18089
E600000US3607178355,3607178355,"Warwick village, New York",31-33,Manufacturing,2012,5,6,0,28,848,11,21,366,668,2172,1501,D
E600000US3607178366,3607178366,"Warwick town (balance), New York",31-33,Manufacturing,2012,5,11,1,78,2959,50,103,1477,7331,14268,6937,323
E600000US3607178839,3607178839,"Wawayanda town, New York",31-33,Manufacturing,2012,0,5,2,87,4108,64,128,2441,D,D,D,D
E600000US3607182750,3607182750,"Woodbury village, New York",31-33,Manufacturing,2012,7,6,0,22,681,13,19,402,547,1919,1372,D
E600000US3607301033,3607301033,"Albion village, New York",31-33,Manufacturing,2012,0,4,2,91,3139,81,132,2583,1980,D,6336,D
E600000US3607346415,3607346415,"Medina village, New York",31-33,Manufacturing,2012,2,14,7,1118,55943,830,1650,25219,152184,299062,146937,6147
E600000US3607349286,3607349286,"Murray town, New York",31-33,Manufacturing,2012,3,3,0,11,495,D,D,243,355,1308,957,D
E600000US3607361742,3607361742,"Ridgeway town (balance), New York",31-33,Manufacturing,2012,0,4,3,454,16269,390,760,11023,D,D,D,D
E600000US3607366751,3607366751,"Shelby town (balance), New York",31-33,Manufacturing,2012,0,3,1,54,3357,40,D,2416,D,D,19613,D
E600000US3607383448,3607383448,"Yates town, New York",31-33,Manufacturing,2012,0,3,2,b,D,D,D,D,D,D,D,D
E600000US3607517904,3607517904,"Constantia town, New York",31-33,Manufacturing,2012,3,4,1,56,1828,51,102,1540,2517,D,4279,D
E600000US3607527815,3607527815,"Fulton city, New York",31-33,Manufacturing,2012,1,18,9,1114,56231,849,1743,35175,D,458950,D,D
E600000US3607529729,3607529729,"Granby town, New York",31-33,Manufacturing,2012,3,4,2,73,4271,53,118,2704,D,D,D,352
E600000US3607532028,3607532028,"Hannibal town, New York",31-33,Manufacturing,2012,2,3,1,44,2046,D,D,D,4023,D,5293,D
E600000US3607532688,3607532688,"Hastings town, New York",31-33,Manufacturing,2012,7,7,0,41,1846,27,49,971,D,D,4106,D
E600000US3607546822,3607546822,"Mexico town, New York",31-33,Manufacturing,2012,9,3,0,9,429,D,D,D,D,D,D,D
E600000US3607555574,3607555574,"Oswego city, New York",31-33,Manufacturing,2012,0,11,1,743,D,D,D,D,D,D,D,D
E600000US3607556154,3607556154,"Palermo town, New York",31-33,Manufacturing,2012,7,4,0,10,339,D,D,D,851,1453,614,D
E600000US3607561533,3607561533,"Richland town, New York",31-33,Manufacturing,2012,8,4,3,c,D,D,D,D,D,D,D,D
E600000US3607565079,3607565079,"Sandy Creek town, New York",31-33,Manufacturing,2012,9,4,1,b,D,D,D,653,D,D,D,D
E600000US3607565618,3607565618,"Schroeppel town, New York",31-33,Manufacturing,2012,2,9,1,45,2090,28,55,1121,2049,9204,7155,D
E600000US3607577662,3607577662,"Volney town, New York",31-33,Manufacturing,2012,2,3,1,34,D,D,D,D,D,D,D,D
E600000US3607580500,3607580500,"West Monroe town, New York",31-33,Manufacturing,2012,4,3,0,17,425,D,D,D,466,1181,721,D
E600000US3607598075,3607598075,"Balance of Oswego County, New York",31-33,Manufacturing,2012,0,4,1,c,7680,D,D,6273,D,D,20720,D
E600000US3607718047,3607718047,"Cooperstown village, New York",31-33,Manufacturing,2012,3,3,0,a,D,D,13,D,507,1663,1155,D
E600000US3607747240,3607747240,"Milford town, New York",31-33,Manufacturing,2012,0,4,2,132,3792,107,195,2672,4474,13296,8928,D
E600000US3607754881,3607754881,"Oneonta city, New York",31-33,Manufacturing,2012,0,9,3,259,11868,203,452,8117,24593,114364,89868,D
E600000US3607754892,3607754892,"Oneonta town, New York",31-33,Manufacturing,2012,3,9,3,223,12648,139,272,4195,16958,30138,14200,D
E600000US3607776012,3607776012,"Unadilla town, New York",31-33,Manufacturing,2012,1,7,1,77,2947,57,108,1880,3780,D,6905,324
E600000US3607798077,3607798077,"Balance of Otsego County, New York",31-33,Manufacturing,2012,4,25,1,167,5794,101,197,3415,D,D,D,D
E600000US3607908070,3607908070,"Brewster village, New York",31-33,Manufacturing,2012,8,10,0,37,1417,24,40,810,2111,5002,2891,D
E600000US3607912529,3607912529,"Carmel town, New York",31-33,Manufacturing,2012,5,20,1,115,6051,57,D,D,9696,D,13336,D
E600000US3607939331,3607939331,"Kent town, New York",31-33,Manufacturing,2012,2,6,1,45,2106,36,70,1556,2972,D,4098,D
E600000US3607956748,3607956748,"Patterson town, New York",31-33,Manufacturing,2012,2,10,4,179,9895,98,189,D,8790,D,22296,D
E600000US3607957584,3607957584,"Philipstown town, New York",31-33,Manufacturing,2012,1,19,1,108,6101,69,138,3109,14394,D,10902,D
E600000US3607960147,3607960147,"Putnam Valley town, New York",31-33,Manufacturing,2012,1,4,0,13,580,10,D,395,216,D,1323,D
E600000US3607968924,3607968924,"Southeast town (balance), New York",31-33,Manufacturing,2012,1,18,9,981,48110,757,1545,31743,79781,215795,131001,D
E600000US3608310275,3608310275,"Brunswick town, New York",31-33,Manufacturing,2012,9,4,0,7,283,4,D,175,D,1175,D,D
E600000US3608322117,3608322117,"East Greenbush town, New York",31-33,Manufacturing,2012,0,9,3,1495,79537,1147,1892,50381,199651,D,117594,D
E600000US3608335474,3608335474,"Hoosick Falls village, New York",31-33,Manufacturing,2012,1,6,4,320,17825,229,481,10582,52162,D,57382,D
E600000US3608349517,3608349517,"Nassau town, New York",31-33,Manufacturing,2012,3,3,0,10,D,6,D,D,D,D,D,D
E600000US3608358398,3608358398,"Pittstown town, New York",31-33,Manufacturing,2012,2,3,0,13,772,7,D,346,1270,2733,1481,34
E600000US3608358805,3608358805,"Poestenkill town, New York",31-33,Manufacturing,2012,0,3,2,85,5765,58,D,3147,13044,D,D,D
E600000US3608361148,3608361148,"Rensselaer city, New York",31-33,Manufacturing,2012,9,7,1,169,D,D,D,2902,D,D,D,D
E600000US3608365013,3608365013,"Sand Lake town, New York",31-33,Manufacturing,2012,2,4,0,22,1072,14,17,522,2047,4587,2540,D
E600000US3608365486,3608365486,"Schaghticoke town, New York",31-33,Manufacturing,2012,9,4,0,10,524,6,D,267,562,1678,1116,57
E600000US3608365541,3608365541,"Schodack town, New York",31-33,Manufacturing,2012,4,11,5,294,13195,181,326,7110,35403,D,31306,D
E600000US3608375484,3608375484,"Troy city, New York",31-33,Manufacturing,2012,1,32,9,620,24290,406,799,14099,29054,88832,58103,D
E600000US3608398083,3608398083,"Balance of Rensselaer County, New York",31-33,Manufacturing,2012,0,5,2,220,11534,177,394,D,23138,D,22913,D
E600000US3608700408,3608700408,"Airmont village, New York",31-33,Manufacturing,2012,9,5,2,128,6688,99,194,4061,D,D,D,D
E600000US3608715400,3608715400,"Chestnut Ridge village, New York",31-33,Manufacturing,2012,0,8,5,1072,124541,258,524,11763,D,D,D,12689
E600000US3608715968,3608715968,"Clarkstown town (balance), New York",31-33,Manufacturing,2012,2,75,11,1275,60110,890,1709,38409,148337,331993,183465,15433
E600000US3608732754,3608732754,"Haverstraw village, New York",31-33,Manufacturing,2012,9,5,0,18,D,10,D,D,D,D,D,0
E600000US3608732765,3608732765,"Haverstraw town (balance), New York",31-33,Manufacturing,2012,6,5,1,33,D,27,D,1645,D,D,D,D
E600000US3608750705,3608750705,"New Square village, New York",31-33,Manufacturing,2012,9,9,0,57,1587,33,57,D,D,4849,D,D
E600000US3608754100,3608754100,"Nyack village, New York",31-33,Manufacturing,2012,9,5,0,13,D,D,D,D,D,D,D,8
E600000US3608755211,3608755211,"Orangetown town (balance), New York",31-33,Manufacturing,2012,6,67,28,4600,316358,3048,6146,170639,887887,2421993,1506956,45474
E600000US3608760510,3608760510,"Ramapo town (balance), New York",31-33,Manufacturing,2012,5,27,2,136,5172,100,173,3429,D,D,D,D
E600000US3608770420,3608770420,"Spring Valley village, New York",31-33,Manufacturing,2012,5,20,3,159,6402,114,200,3444,13124,29882,16788,2700
E600000US3608771674,3608771674,"Stony Point town, New York",31-33,Manufacturing,2012,1,7,1,119,5597,61,124,2279,9295,D,11431,D
E600000US3608771894,3608771894,"Suffern village, New York",31-33,Manufacturing,2012,9,5,2,e,D,266,469,D,D,D,D,D
E600000US3608780203,3608780203,"West Haverstraw village, New York",31-33,Manufacturing,2012,4,8,0,31,D,19,29,D,D,D,D,D
E600000US3608912331,3608912331,"Canton village, New York",31-33,Manufacturing,2012,1,4,0,44,1401,33,69,947,6998,D,10138,D
E600000US3608912342,3608912342,"Canton town (balance), New York",31-33,Manufacturing,2012,0,3,1,c,D,D,D,D,D,D,D,D
E600000US3608929597,3608929597,"Gouverneur village, New York",31-33,Manufacturing,2012,0,4,1,158,7205,102,216,4054,D,D,16719,D
E600000US3608946019,3608946019,"Massena village, New York",31-33,Manufacturing,2012,2,15,4,1128,76553,883,2084,53811,D,D,D,D
E600000US3608951330,3608951330,"Norfolk town (balance), New York",31-33,Manufacturing,2012,0,3,1,72,3516,D,D,D,D,D,D,D
E600000US3608954485,3608954485,"Ogdensburg city, New York",31-33,Manufacturing,2012,1,7,4,367,18175,287,480,5002,28004,65215,38338,D
E600000US3608955563,3608955563,"Oswegatchie town, New York",31-33,Manufacturing,2012,0,6,2,179,6448,157,337,5277,D,D,D,195
E600000US3608959564,3608959564,"Potsdam village, New York",31-33,Manufacturing,2012,0,5,1,40,D,32,D,D,D,D,D,D
E600000US3608959575,3608959575,"Potsdam town (balance), New York",31-33,Manufacturing,2012,0,7,1,123,6251,91,181,3705,44901,D,19780,D
E600000US3608998089,3608998089,"Balance of St. Lawrence County, New York",31-33,Manufacturing,2012,5,18,3,216,8861,160,288,5549,41801,D,28153,D
E600000US3609104220,3609104220,"Ballston town (balance), New York",31-33,Manufacturing,2012,0,15,7,262,14393,180,356,8509,25396,60297,36025,D
E600000US3609104253,3609104253,"Ballston Spa village, New York",31-33,Manufacturing,2012,3,5,0,40,1504,26,48,863,1687,5709,4011,D
E600000US3609116353,3609116353,"Clifton Park town, New York",31-33,Manufacturing,2012,2,22,4,368,19622,190,367,6830,64468,109629,46661,D
E600000US3609130444,3609130444,"Greenfield town, New York",31-33,Manufacturing,2012,7,6,0,16,820,9,13,277,1711,3741,2030,D
E600000US3609131489,3609131489,"Halfmoon town, New York",31-33,Manufacturing,2012,3,15,5,287,15150,191,377,8739,39284,90767,51279,D
E600000US3609144743,3609144743,"Malta town, New York",31-33,Manufacturing,2012,1,3,2,e,D,D,D,D,D,D,D,D
E600000US3609146360,3609146360,"Mechanicville city, New York",31-33,Manufacturing,2012,9,4,0,11,587,6,14,D,1734,3139,1405,57
E600000US3609147537,3609147537,"Milton town (balance), New York",31-33,Manufacturing,2012,9,5,1,76,3214,57,112,2014,D,D,9851,D
E600000US3609148318,3609148318,"Moreau town (balance), New York",31-33,Manufacturing,2012,0,8,1,91,3500,74,161,2302,13715,D,14590,D
E600000US3609153737,3609153737,"Northumberland town, New York",31-33,Manufacturing,2012,0,3,2,c,D,D,D,D,D,D,D,D
E600000US3609165244,3609165244,"Saratoga town, New York",31-33,Manufacturing,2012,0,3,1,b,D,D,D,D,D,D,D,D
E600000US3609165255,3609165255,"Saratoga Springs city, New York",31-33,Manufacturing,2012,2,22,10,1441,73393,1169,2281,56152,303902,561164,254621,D
E600000US3609178531,3609178531,"Waterford town, New York",31-33,Manufacturing,2012,6,11,9,1808,144888,1297,2174,93042,456560,D,391524,D
E600000US3609182403,3609182403,"Wilton town, New York",31-33,Manufacturing,2012,4,9,0,49,2307,31,56,1243,3323,D,4944,D
E600000US3609321006,3609321006,"Duanesburg town, New York",31-33,Manufacturing,2012,1,6,1,42,1456,21,37,D,1804,D,D,56
E600000US3609329366,3609329366,"Glenville town (balance), New York",31-33,Manufacturing,2012,1,15,6,332,17662,216,426,D,D,D,D,D
E600000US3609351264,3609351264,"Niskayuna town, New York",31-33,Manufacturing,2012,0,8,3,214,13720,108,206,D,D,D,D,D
E600000US3609363935,3609363935,"Rotterdam town, New York",31-33,Manufacturing,2012,0,15,6,395,23695,303,623,19272,121938,224023,102082,D
E600000US3609365508,3609365508,"Schenectady city, New York",31-33,Manufacturing,2012,8,53,14,2742,193247,1844,3192,123962,566539,1093120,552256,D
E600000US3609365893,3609365893,"Scotia village, New York",31-33,Manufacturing,2012,4,13,9,766,33208,597,1262,22659,121606,D,85545,D
E600000US3609516628,3609516628,"Cobleskill village, New York",31-33,Manufacturing,2012,9,4,1,63,2338,D,98,D,5200,9921,4721,D
E600000US3609565596,3609565596,"Schoharie town, New York",31-33,Manufacturing,2012,6,3,1,b,1647,30,61,D,6249,10440,4191,D
E600000US3609598095,3609598095,"Balance of Schoharie County, New York",31-33,Manufacturing,2012,1,12,2,136,5510,102,187,3265,6592,D,9719,D
E600000US3609720676,3609720676,"Dix town, New York",31-33,Manufacturing,2012,0,8,2,270,16961,233,463,14479,38143,134573,96630,11500
E600000US3609733073,3609733073,"Hector town, New York",31-33,Manufacturing,2012,2,16,2,111,4244,29,48,866,7352,D,13950,D
E600000US3609798097,3609798097,"Balance of Schuyler County, New York",31-33,Manufacturing,2012,8,11,2,194,9161,152,326,6472,38555,D,13339,D
E600000US3609925505,3609925505,"Fayette town (balance), New York",31-33,Manufacturing,2012,0,5,2,93,2783,55,D,D,D,D,7958,D
E600000US3609963440,3609963440,"Romulus town, New York",31-33,Manufacturing,2012,2,4,2,b,D,D,D,D,4806,D,4678,D
E600000US3609966322,3609966322,"Seneca Falls village, New York",31-33,Manufacturing,2012,0,8,2,882,D,581,D,D,D,D,D,D
E600000US3609998099,3609998099,"Balance of Seneca County, New York",31-33,Manufacturing,2012,0,22,4,205,7145,117,209,3574,D,115091,D,D
E600000US3610104759,3610104759,"Bath village, New York",31-33,Manufacturing,2012,5,4,1,60,2413,39,78,1376,10362,D,6395,D
E600000US3610104770,3610104770,"Bath town (balance), New York",31-33,Manufacturing,2012,0,3,1,e,D,D,D,D,D,D,D,D
E600000US3610112265,3610112265,"Canisteo town, New York",31-33,Manufacturing,2012,0,3,1,45,D,23,D,D,D,D,D,D
E600000US3610118256,3610118256,"Corning city, New York",31-33,Manufacturing,2012,8,8,2,539,30476,451,D,D,36186,D,56531,D
E600000US3610118267,3610118267,"Corning town, New York",31-33,Manufacturing,2012,8,6,2,99,3648,74,139,2136,4867,D,6521,5
E600000US3610135672,3610135672,"Hornell city, New York",31-33,Manufacturing,2012,4,11,5,314,17832,172,308,5484,24309,D,20897,D
E600000US3610178861,3610178861,"Wayland town, New York",31-33,Manufacturing,2012,0,4,1,f,D,D,D,D,D,D,D,D
E600000US3610198101,3610198101,"Balance of Steuben County, New York",31-33,Manufacturing,2012,6,30,7,498,18199,314,668,12771,51891,83726,32104,2613
E600000US3610302044,3610302044,"Amityville village, New York",31-33,Manufacturing,2012,2,29,8,793,38091,433,888,15398,131106,328002,202196,9177
E600000US3610303408,3610303408,"Babylon village, New York",31-33,Manufacturing,2012,9,11,0,27,651,14,17,321,1111,2538,1427,115
E600000US3610304000,3610304000,"Babylon town (balance), New York",31-33,Manufacturing,2012,3,601,147,12675,708203,8394,16596,339015,1432110,2966857,1518736,69800
E600000US3610310000,3610310000,"Brookhaven town (balance), New York",31-33,Manufacturing,2012,1,257,41,4906,244186,3326,6335,120259,668529,1371755,711041,35076
E600000US3610322183,3610322183,"East Hampton village, New York",31-33,Manufacturing,2012,7,10,1,85,2834,54,100,1600,2878,D,5465,223
E600000US3610322194,3610322194,"East Hampton town (balance), New York",31-33,Manufacturing,2012,3,14,1,104,3944,69,133,2285,6558,12570,5964,D
E600000US3610337000,3610337000,"Huntington town (balance), New York",31-33,Manufacturing,2012,2,136,30,5075,343130,2439,4699,96523,817232,3345416,2472914,99036
E600000US3610337840,3610337840,"Islandia village, New York",31-33,Manufacturing,2012,6,18,9,569,29666,389,811,14998,54289,117705,65307,1818
E600000US3610338000,3610338000,"Islip town (balance), New York",31-33,Manufacturing,2012,4,613,180,15901,781227,10857,20951,393925,1972908,4371001,2481483,105582
E600000US3610340530,3610340530,"Lake Grove village, New York",31-33,Manufacturing,2012,3,4,1,32,740,29,32,621,883,2384,1501,D
E600000US3610342554,3610342554,"Lindenhurst village, New York",31-33,Manufacturing,2012,7,37,6,368,17380,260,512,11260,53319,96741,43033,4822
E600000US3610353396,3610353396,"Northport village, New York",31-33,Manufacturing,2012,9,4,0,8,313,4,7,158,D,D,D,D
E600000US3610356660,3610356660,"Patchogue village, New York",31-33,Manufacturing,2012,3,16,4,318,18479,217,426,8166,48840,D,50204,D
E600000US3610359355,3610359355,"Port Jefferson village, New York",31-33,Manufacturing,2012,1,4,1,41,668,D,22,D,690,D,1762,D
E600000US3610361984,3610361984,"Riverhead town, New York",31-33,Manufacturing,2012,3,46,16,1096,53701,768,1516,31364,126935,271885,145950,D
E600000US3610368000,3610368000,"Smithtown town (balance), New York",31-33,Manufacturing,2012,3,161,76,9171,528677,5958,11815,231082,1383635,2795002,1404371,88743
E600000US3610368462,3610368462,"Southampton village, New York",31-33,Manufacturing,2012,4,10,0,43,1409,30,56,863,1538,D,3161,D
E600000US3610368473,3610368473,"Southampton town (balance), New York",31-33,Manufacturing,2012,5,46,2,269,10231,130,226,5118,15043,35341,20391,897
E600000US3610369463,3610369463,"Southold town, New York",31-33,Manufacturing,2012,5,36,7,433,14989,248,473,7755,14873,43166,28491,4471
E600000US3610380181,3610380181,"Westhampton Beach village, New York",31-33,Manufacturing,2012,8,5,0,29,1276,13,24,760,D,8100,D,D
E600000US3610398103,3610398103,"Balance of Suffolk County, New York",31-33,Manufacturing,2012,9,3,0,6,D,3,3,D,D,D,D,9
E600000US3610506310,3610506310,"Bethel town, New York",31-33,Manufacturing,2012,9,5,2,62,2045,53,100,1451,9367,13800,4433,D
E600000US3610511759,3610511759,"Callicoon town, New York",31-33,Manufacturing,2012,9,3,0,12,D,8,D,D,D,D,D,0
E600000US3610520104,3610520104,"Delaware town, New York",31-33,Manufacturing,2012,9,4,0,8,D,4,D,D,D,D,D,0
E600000US3610525241,3610525241,"Fallsburg town, New York",31-33,Manufacturing,2012,4,9,2,400,11246,D,D,9658,D,122477,D,D
E600000US3610542224,3610542224,"Liberty village, New York",31-33,Manufacturing,2012,0,6,1,f,D,D,D,D,D,D,D,D
E600000US3610542235,3610542235,"Liberty town (balance), New York",31-33,Manufacturing,2012,0,5,1,59,2325,43,64,1333,13011,D,D,D
E600000US3610548175,3610548175,"Monticello village, New York",31-33,Manufacturing,2012,1,3,0,17,374,D,D,D,737,D,1980,D
E600000US3610573627,3610573627,"Thompson town (balance), New York",31-33,Manufacturing,2012,5,5,1,40,1163,29,57,690,4222,D,2374,105
E600000US3610598105,3610598105,"Balance of Sullivan County, New York",31-33,Manufacturing,2012,7,6,2,74,3886,46,74,2151,34354,D,9757,D
E600000US3610704671,3610704671,"Barton town (balance), New York",31-33,Manufacturing,2012,9,3,0,6,D,D,D,D,D,D,D,0
E600000US3610712221,3610712221,"Candor town, New York",31-33,Manufacturing,2012,0,3,1,b,D,D,D,D,D,D,D,D
E600000US3610749913,3610749913,"Newark Valley town, New York",31-33,Manufacturing,2012,7,4,0,15,D,10,D,D,D,D,D,D
E600000US3610755882,3610755882,"Owego village, New York",31-33,Manufacturing,2012,1,6,0,63,2519,39,70,1202,21161,D,15832,D
E600000US3610755893,3610755893,"Owego town (balance), New York",31-33,Manufacturing,2012,3,15,3,713,28556,526,1019,17904,52512,113944,60336,D
E600000US3610778806,3610778806,"Waverly village, New York",31-33,Manufacturing,2012,0,7,3,349,14373,277,D,7772,D,268195,D,D
E600000US3610919620,3610919620,"Danby town, New York",31-33,Manufacturing,2012,9,3,1,c,D,D,D,D,D,D,D,D
E600000US3610920962,3610920962,"Dryden town, New York",31-33,Manufacturing,2012,1,12,1,196,12075,65,131,2336,23333,61019,35070,D
E600000US3610930972,3610930972,"Groton town, New York",31-33,Manufacturing,2012,2,6,1,56,2781,36,71,1356,6316,D,6158,94
E600000US3610938077,3610938077,"Ithaca city, New York",31-33,Manufacturing,2012,2,32,6,397,19882,290,617,12814,27350,63892,36592,D
E600000US3610938088,3610938088,"Ithaca town (balance), New York",31-33,Manufacturing,2012,0,11,4,973,49747,787,1631,32349,58748,244263,185068,10174
E600000US3610941223,3610941223,"Lansing village, New York",31-33,Manufacturing,2012,0,8,3,716,42042,D,D,D,D,D,147770,D
E600000US3610941234,3610941234,"Lansing town (balance), New York",31-33,Manufacturing,2012,1,9,2,208,11686,81,167,2540,23921,D,23872,D
E600000US3610975990,3610975990,"Ulysses town, New York",31-33,Manufacturing,2012,9,7,0,20,D,12,D,216,D,4162,D,D
E600000US3611123965,3611123965,"Ellenville village, New York",31-33,Manufacturing,2012,1,7,1,76,2650,56,92,1139,2693,D,6093,51
E600000US3611124691,3611124691,"Esopus town, New York",31-33,Manufacturing,2012,9,4,0,25,D,22,D,D,D,D,D,0
E600000US3611128255,3611128255,"Gardiner town, New York",31-33,Manufacturing,2012,2,8,3,180,8494,116,223,4641,15226,D,28258,551
E600000US3611139727,3611139727,"Kingston city, New York",31-33,Manufacturing,2012,5,41,9,831,36680,558,996,18683,207189,334258,128905,D
E600000US3611142994,3611142994,"Lloyd town, New York",31-33,Manufacturing,2012,1,13,4,381,20334,224,436,8497,43028,D,49802,D
E600000US3611145458,3611145458,"Marbletown town, New York",31-33,Manufacturing,2012,1,10,1,108,5618,68,131,2440,12246,D,14231,D
E600000US3611145722,3611145722,"Marlborough town, New York",31-33,Manufacturing,2012,0,3,2,c,D,D,D,D,D,D,D,D
E600000US3611150562,3611150562,"New Paltz town (balance), New York",31-33,Manufacturing,2012,0,4,2,122,5639,66,165,2643,D,D,15828,D
E600000US3611154749,3611154749,"Olive town, New York",31-33,Manufacturing,2012,6,9,2,73,2903,59,101,1998,D,D,D,D
E600000US3611158552,3611158552,"Plattekill town, New York",31-33,Manufacturing,2012,5,3,0,22,D,16,D,D,D,D,D,D
E600000US3611163011,3611163011,"Rochester town, New York",31-33,Manufacturing,2012,9,4,1,52,D,31,D,1448,D,D,D,D
E600000US3611163737,3611163737,"Rosendale town, New York",31-33,Manufacturing,2012,1,4,0,20,644,14,20,D,D,D,961,D
E600000US3611165288,3611165288,"Saugerties village, New York",31-33,Manufacturing,2012,3,8,2,82,3046,37,64,1386,9711,D,13785,D
E600000US3611165299,3611165299,"Saugerties town (balance), New York",31-33,Manufacturing,2012,4,19,7,644,33396,469,947,18332,85742,168130,84045,D
E600000US3611166674,3611166674,"Shawangunk town, New York",31-33,Manufacturing,2012,1,8,1,150,6535,72,154,D,11105,D,13957,D
E600000US3611175935,3611175935,"Ulster town, New York",31-33,Manufacturing,2012,4,13,5,214,9667,153,298,5875,11247,D,20099,D
E600000US3611183052,3611183052,"Woodstock town, New York",31-33,Manufacturing,2012,0,3,1,c,D,D,D,D,D,D,D,D
E600000US3611198111,3611198111,"Balance of Ulster County, New York",31-33,Manufacturing,2012,2,3,3,86,3148,D,140,D,5670,D,10834,D
E600000US3611315319,3611315319,"Chester town, New York",31-33,Manufacturing,2012,0,6,0,b,D,D,39,D,8115,D,3436,D
E600000US3611329333,3611329333,"Glens Falls city, New York",31-33,Manufacturing,2012,1,25,8,1941,110157,1161,2488,45570,319965,584401,266088,D
E600000US3611340519,3611340519,"Lake George town, New York",31-33,Manufacturing,2012,0,5,1,60,3242,37,D,1756,D,D,D,D
E600000US3611360356,3611360356,"Queensbury town, New York",31-33,Manufacturing,2012,6,32,7,1602,87050,1004,1953,37921,161854,295037,132218,11183
E600000US3611378300,3611378300,"Warrensburg town, New York",31-33,Manufacturing,2012,0,5,1,60,1825,49,D,1084,3218,D,3660,D
E600000US3611502561,3611502561,"Argyle town, New York",31-33,Manufacturing,2012,0,5,3,290,D,191,476,D,D,D,38208,3942
E600000US3611526715,3611526715,"Fort Ann town, New York",31-33,Manufacturing,2012,5,3,0,a,227,D,D,D,396,868,472,76
E600000US3611526770,3611526770,"Fort Edward village, New York",31-33,Manufacturing,2012,0,8,3,590,38102,464,1051,29100,D,D,D,D
E600000US3611526781,3611526781,"Fort Edward town (balance), New York",31-33,Manufacturing,2012,2,6,3,129,7065,95,190,4317,10435,28977,18697,934
E600000US3611530037,3611530037,"Granville town (balance), New York",31-33,Manufacturing,2012,1,10,5,308,13836,226,D,8297,33332,D,37428,D
E600000US3611530686,3611530686,"Greenwich town, New York",31-33,Manufacturing,2012,0,15,6,473,28617,374,813,19893,137521,D,144789,9456
E600000US3611535980,3611535980,"Hudson Falls village, New York",31-33,Manufacturing,2012,0,7,1,136,7704,90,130,4543,25041,D,19713,415
E600000US3611539650,3611539650,"Kingsbury town (balance), New York",31-33,Manufacturing,2012,0,3,0,23,D,19,D,D,D,D,D,D
E600000US3611581578,3611581578,"White Creek town, New York",31-33,Manufacturing,2012,5,10,2,153,5991,111,225,D,15991,29827,13585,D
E600000US3611598115,3611598115,"Balance of Washington County, New York",31-33,Manufacturing,2012,0,15,6,550,21656,441,937,13941,D,D,D,D
E600000US3611702440,3611702440,"Arcadia town (balance), New York",31-33,Manufacturing,2012,6,5,1,67,1958,61,133,1751,D,D,D,212
E600000US3611728013,3611728013,"Galen town, New York",31-33,Manufacturing,2012,0,5,2,454,22716,297,D,11526,D,D,35492,D
E600000US3611743962,3611743962,"Lyons village, New York",31-33,Manufacturing,2012,6,5,1,76,3120,42,88,1399,D,32537,D,D
E600000US3611744160,3611744160,"Macedon town, New York",31-33,Manufacturing,2012,0,20,7,739,36525,567,1172,19065,134628,249507,115633,2392
E600000US3611745645,3611745645,"Marion town, New York",31-33,Manufacturing,2012,0,12,3,220,9714,180,386,7072,45822,76878,30269,1375
E600000US3611749891,3611749891,"Newark village, New York",31-33,Manufacturing,2012,2,18,12,1358,52497,1064,2169,33837,127083,243807,114259,6187
E600000US3611755013,3611755013,"Ontario town, New York",31-33,Manufacturing,2012,1,20,7,616,26557,426,796,16945,27432,76918,49398,3092
E600000US3611756187,3611756187,"Palmyra village, New York",31-33,Manufacturing,2012,0,5,2,f,D,D,D,D,D,D,D,D
E600000US3611756198,3611756198,"Palmyra town (balance), New York",31-33,Manufacturing,2012,0,7,2,f,D,D,D,D,D,D,D,D
E600000US3611768220,3611768220,"Sodus town, New York",31-33,Manufacturing,2012,9,9,1,141,6514,81,166,2767,12522,D,19899,D
E600000US3611778102,3611778102,"Walworth town, New York",31-33,Manufacturing,2012,0,4,0,11,465,D,D,D,D,D,D,103
E600000US3611782040,3611782040,"Williamson town, New York",31-33,Manufacturing,2012,9,6,2,e,D,D,D,D,D,D,D,D
E600000US3611782689,3611782689,"Wolcott town, New York",31-33,Manufacturing,2012,6,9,3,243,8108,195,404,5941,27266,49979,22766,1531
E600000US3611798117,3611798117,"Balance of Wayne County, New York",31-33,Manufacturing,2012,0,12,3,184,9749,128,314,6082,63775,D,34589,7348
E600000US3611902506,3611902506,"Ardsley village, New York",31-33,Manufacturing,2012,9,3,1,b,1159,D,D,595,D,3535,D,D
E600000US3611905320,3611905320,"Bedford town, New York",31-33,Manufacturing,2012,1,13,0,60,2837,39,72,1736,14980,23419,8339,D
E600000US3611908103,3611908103,"Briarcliff Manor village, New York",31-33,Manufacturing,2012,9,6,1,35,1735,19,D,523,D,D,D,D
E600000US3611908532,3611908532,"Bronxville village, New York",31-33,Manufacturing,2012,7,4,0,18,691,9,D,204,D,2809,D,6
E600000US3611918410,3611918410,"Cortlandt town (balance), New York",31-33,Manufacturing,2012,0,18,6,490,24883,330,659,13559,48642,112473,64354,3463
E600000US3611920698,3611920698,"Dobbs Ferry village, New York",31-33,Manufacturing,2012,3,4,1,42,2487,17,24,658,3783,D,7213,D
E600000US3611921820,3611921820,"Eastchester town (balance), New York",31-33,Manufacturing,2012,5,5,0,12,407,7,9,221,D,1435,D,D
E600000US3611924295,3611924295,"Elmsford village, New York",31-33,Manufacturing,2012,4,8,0,31,1376,19,35,770,3145,6903,3758,56
E600000US3611930367,3611930367,"Greenburgh town (balance), New York",31-33,Manufacturing,2012,0,28,9,1163,66898,683,1468,33202,312942,547069,235719,D
E600000US3611932402,3611932402,"Harrison village, New York",31-33,Manufacturing,2012,9,7,0,54,1846,34,62,1170,2656,6499,3842,0
E600000US3611937803,3611937803,"Irvington village, New York",31-33,Manufacturing,2012,9,8,1,91,4537,63,52,1037,6590,D,13284,D
E600000US3611941333,3611941333,"Larchmont village, New York",31-33,Manufacturing,2012,9,6,0,16,669,D,27,D,2257,5124,2881,D
E600000US3611942136,3611942136,"Lewisboro town, New York",31-33,Manufacturing,2012,9,8,1,41,1268,29,50,832,2639,5247,2608,D
E600000US3611944831,3611944831,"Mamaroneck village, New York",31-33,Manufacturing,2012,7,30,4,294,12872,180,355,6385,44155,75300,31036,2201
E600000US3611948890,3611948890,"Mount Kisco village, New York",31-33,Manufacturing,2012,2,15,4,188,9901,119,228,5262,19882,39569,19495,D
E600000US3611949011,3611949011,"Mount Pleasant town (balance), New York",31-33,Manufacturing,2012,1,18,5,245,13453,152,270,6322,21581,48658,26742,D
E600000US3611949121,3611949121,"Mount Vernon city, New York",31-33,Manufacturing,2012,2,99,31,2363,99577,1750,3258,60405,373453,676867,311218,11864
E600000US3611950078,3611950078,"New Castle town, New York",31-33,Manufacturing,2012,9,9,1,60,2186,40,71,966,2908,6532,3624,D
E600000US3611950617,3611950617,"New Rochelle city, New York",31-33,Manufacturing,2012,6,46,10,744,41226,508,1057,19784,75375,159111,83933,2968
E600000US3611951693,3611951693,"North Castle town, New York",31-33,Manufacturing,2012,0,10,4,296,21249,182,335,8869,52726,94541,42571,D
E600000US3611955530,3611955530,"Ossining village, New York",31-33,Manufacturing,2012,3,5,2,c,D,D,D,D,D,D,D,D
E600000US3611955541,3611955541,"Ossining town (balance), New York",31-33,Manufacturing,2012,0,3,0,9,438,D,7,D,D,D,D,D
E600000US3611956979,3611956979,"Peekskill city, New York",31-33,Manufacturing,2012,0,17,1,288,18066,198,394,9371,26810,D,78761,D
E600000US3611957001,3611957001,"Pelham village, New York",31-33,Manufacturing,2012,0,3,2,e,D,D,D,D,D,D,D,D
E600000US3611957023,3611957023,"Pelham Manor village, New York",31-33,Manufacturing,2012,0,3,0,a,D,D,D,D,D,D,D,D
E600000US3611958728,3611958728,"Pleasantville village, New York",31-33,Manufacturing,2012,8,10,0,41,2127,21,35,739,2110,7442,5332,82
E600000US3611959223,3611959223,"Port Chester village, New York",31-33,Manufacturing,2012,0,33,8,874,36011,714,1513,24402,61714,130052,67926,5280
E600000US3611964309,3611964309,"Rye city, New York",31-33,Manufacturing,2012,4,3,0,22,852,D,9,D,1158,3312,2155,D
E600000US3611964325,3611964325,"Rye Brook village, New York",31-33,Manufacturing,2012,9,5,1,c,D,D,D,D,D,D,D,D
E600000US3611965431,3611965431,"Scarsdale village, New York",31-33,Manufacturing,2012,5,7,0,27,843,15,31,520,2045,4232,2187,22
E600000US3611968308,3611968308,"Somers town, New York",31-33,Manufacturing,2012,2,3,0,9,D,D,6,D,D,D,D,1
E600000US3611973176,3611973176,"Tarrytown village, New York",31-33,Manufacturing,2012,7,11,1,82,4914,52,106,2322,6888,D,10670,D
E600000US3611975583,3611975583,"Tuckahoe village, New York",31-33,Manufacturing,2012,6,4,0,46,3005,32,D,1687,6487,D,7771,D
E600000US3611981677,3611981677,"White Plains city, New York",31-33,Manufacturing,2012,5,33,6,338,14527,237,460,8602,23842,56437,32544,982
E600000US3611984000,3611984000,"Yonkers city, New York",31-33,Manufacturing,2012,4,88,22,2755,141411,1950,3479,71451,658438,984856,330730,20368
E600000US3611984077,3611984077,"Yorktown town, New York",31-33,Manufacturing,2012,5,20,2,184,9061,120,231,4840,25789,D,27498,D
E600000US3612102407,3612102407,"Arcade village, New York",31-33,Manufacturing,2012,0,11,6,959,41664,681,1321,23232,117561,215024,98637,5874
E600000US3612157243,3612157243,"Perry village, New York",31-33,Manufacturing,2012,2,4,2,c,D,D,D,D,D,D,D,D
E600000US3612178333,3612178333,"Warsaw village, New York",31-33,Manufacturing,2012,0,3,3,164,3956,100,202,2400,D,D,7831,D
E600000US3612198121,3612198121,"Balance of Wyoming County, New York",31-33,Manufacturing,2012,0,23,6,537,23507,360,749,13173,110097,206161,100616,7128
E600000US3612338583,3612338583,"Jerusalem town (balance), New York",31-33,Manufacturing,2012,5,10,0,34,868,D,D,415,1504,D,1826,35
E600000US3612357177,3612357177,"Penn Yan village, New York",31-33,Manufacturing,2012,0,9,4,317,12483,250,474,8628,36216,68582,32106,D
E600000US3612370816,3612370816,"Starkey town, New York",31-33,Manufacturing,2012,5,5,3,140,3640,D,D,1491,4770,11242,6465,D
E600000US3612398123,3612398123,"Balance of Yates County, New York",31-33,Manufacturing,2012,0,20,5,346,16347,223,389,9838,52472,D,47653,1302
